ticker,name,country,trading_currency,reporting_currency,levered_beta,market_cap_usd,total_debt_usd,revenue_usd,price_to_sales,tax_rate,tax_rate_source,unlevered_beta
MSFT,Microsoft Corporation,United States,USD,USD,1.108,3832843862016.0,128812998656.0,331839012864.0,11.55031118534228,0.17469849037983237,effective (5y avg),1.078097383298949
CRM,"Salesforce, Inc.",United States,USD,USD,1.202,192598458368.0,42375999488.0,43938000896.0,4.383414230061924,0.15135832617617542,effective (4y avg),1.0128755821195117
INTU,Intuit Inc.,United States,USD,USD,0.976,73701015552.0,8421000192.0,21447999488.0,3.4362652606941353,0.18866067830863095,effective (4y avg),0.8931980619782983
ADSK,"Autodesk, Inc.",United States,USD,USD,1.309,43764596736.0,3704999936.0,7790000128.0,5.618048269177128,0.18954382203411296,effective (5y avg),1.224954445099906
ZM,"Zoom Communications, Inc.",United States,USD,USD,1.04,26175916032.0,60272000.0,4993050112.0,5.242470122438859,0.22725389539910176,effective (3y avg),1.0381528089237413
SNOW,Snowflake Inc.,United States,USD,USD,1.328,118519635968.0,2763814912.0,5434647040.0,21.808157014737795,0.25,statutory (United States),1.3051730437849522
SHOP,Shopify Inc.,Canada,USD,USD,2.616,183025106944.0,178000000.0,13269000192.0,13.793436151606018,0.18422796554009277,effective (1y avg),2.613926178062113
DDOG,"Datadog, Inc.",United States,USD,USD,1.488,96278781952.0,1277800960.0,3966725120.0,24.271604167016243,0.14816554000527307,effective (3y avg),1.4713655513162858
SAP,SAP  SE,Germany,USD,EUR,0.775,243167756288.0,11331661631.28479,43543497202.10596,5.584479242890011,0.3227015666652383,effective (5y avg),0.7512876852288707
IBM,International Business Machines,United States,USD,USD,0.708,212460716032.0,65272000512.0,69094998016.0,3.074907332406341,0.08048184389938223,effective (2y avg),0.5520495445195602
DOCU,"DocuSign, Inc.",United States,USD,USD,0.9,12615915520.0,183098000.0,3361190912.0,3.7534064116855497,0.16019410869591377,effective (2y avg),0.889162604210811
NOW,"ServiceNow, Inc.",United States,USD,USD,0.972,140212355072.0,8453000192.0,14732000256.0,9.517536833797895,0.16718792404320504,effective (4y avg),0.9255310762286264
APP,Applovin Corporation,United States,USD,USD,2.488,103992647680.0,3515072000.0,6829124096.0,15.22781636680336,0.14370363601396394,effective (3y avg),2.4180134787604524
