ticker,year,currency,revenue,operating_income,op_margin,operating_income_derived,tax_rate,tax_rate_source,reported_tax_rate,da,sbc,capex,wc_change,nopat,fcf,ocf_actual,fcf_check
ABNB,2021-12-31,USD,5991760000.0,429317000.0,0.07165123436185696,False,0.15095423474691239,effective (3y avg),-0.17263754675940268,138319000.0,898830000.0,25322000.0,700892000.0,364509780.8011598,2077228780.8011599,2189694000.0,2164372000.0
ABNB,2022-12-31,USD,8399000000.0,1802000000.0,0.21454935111322776,False,0.15095423474691239,effective (3y avg),0.048265460030165915,81000000.0,930000000.0,25000000.0,573000000.0,1529980468.986064,3088980468.986064,3430000000.0,3405000000.0
ABNB,2023-12-31,USD,9917000000.0,1518000000.0,0.1530704850257134,False,0.15095423474691239,effective (3y avg),-1.279733587059943,44000000.0,1120000000.0,,822000000.0,1288851471.654187,3274851471.654187,3884000000.0,3884000000.0
ABNB,2024-12-31,USD,11102000000.0,2553000000.0,0.2299585660241398,False,0.15095423474691239,effective (3y avg),0.20504353047132992,65000000.0,1407000000.0,,96000000.0,2167613838.6911325,3735613838.6911325,4518000000.0,4518000000.0
ABNB,2025-12-31,USD,12241000000.0,2544000000.0,0.20782615799362797,False,0.15095423474691239,effective (3y avg),0.1995537137392413,,1592000000.0,,240000000.0,2159972426.803855,3991972426.803855,4646000000.0,4646000000.0
ADBE,2016-12-02,USD,5854430000.0,1493602000.0,0.2551233851971926,False,0.18925393702557713,effective (5y avg),0.18559608901722344,331535000.0,349912000.0,203805000.0,423121000.0,1210931941.150724,2111694941.150724,2199728000.0,1995923000.0
ADBE,2017-12-01,USD,7301505000.0,2168095000.0,0.2969380970087674,False,0.18925393702557713,effective (5y avg),0.20755917387437833,325997000.0,451451000.0,178122000.0,397168000.0,1757774485.4045312,2754268485.4045315,2912853000.0,2734731000.0
ADBE,2018-11-30,USD,9030008000.0,2840369000.0,0.31454778334637135,False,0.18925393702557713,effective (5y avg),0.07269542384844567,346492000.0,609562000.0,266579000.0,541467000.0,2302817984.1445985,3533759984.1445985,4029304000.0,3762725000.0
ADBE,2019-11-29,USD,11171297000.0,3268121000.0,0.2925462459730504,False,0.18925393702557713,effective (5y avg),0.07903384392061637,736669000.0,787705000.0,394479000.0,503967000.0,2649616234.0740337,4283478234.0740337,4421813000.0,4027334000.0
ADBE,2020-11-27,USD,12868000000.0,4237000000.0,0.32926639726453216,False,0.18925393702557713,effective (5y avg),-0.2595785440613027,757000000.0,909000000.0,419000000.0,546000000.0,3435131068.8226295,5228131068.82263,5727000000.0,5308000000.0
ADBE,2021-12-03,USD,15785000000.0,5802000000.0,0.3675641431738993,False,0.18925393702557713,effective (5y avg),0.15477651183172655,788000000.0,1069000000.0,348000000.0,765000000.0,4703948657.377602,6977948657.377602,7230000000.0,6882000000.0
ADBE,2022-12-02,USD,17606000000.0,6098000000.0,0.34635919572872886,False,0.18925393702557713,effective (5y avg),0.20838881491344874,856000000.0,1440000000.0,442000000.0,411000000.0,4943929492.01803,7208929492.01803,7838000000.0,7396000000.0
ADBE,2023-12-01,USD,19409000000.0,6650000000.0,0.3426245556185275,False,0.18925393702557713,effective (5y avg),0.2016473010736873,872000000.0,1718000000.0,360000000.0,474000000.0,5391461318.779912,8095461318.779912,7302000000.0,6942000000.0
ADBE,2024-11-29,USD,21505000000.0,6741000000.0,0.31346198558474775,False,0.18925393702557713,effective (5y avg),0.19780695426345404,857000000.0,1833000000.0,183000000.0,692000000.0,5465239210.510585,8664239210.510586,8056000000.0,7873000000.0
ADBE,2025-11-28,USD,23769000000.0,8706000000.0,0.36627540073204595,False,0.18925393702557713,effective (5y avg),0.18365010304556903,818000000.0,1942000000.0,179000000.0,740000000.0,7058355224.255325,10379355224.255325,10031000000.0,9852000000.0
CPRT,2016-07-31,USD,1268449000.0,406470000.0,0.320446466511464,False,0.1889131135996627,effective (5y avg),0.3170398999658975,49643000.0,20864000.0,173917000.0,-4883000.0,329682486.7151451,221389486.7151451,332498000.0,158581000.0
CPRT,2017-07-31,USD,1447981000.0,461299000.0,0.3185808377319868,False,0.1889131135996627,effective (5y avg),0.10415587366507612,57441000.0,20840000.0,172178000.0,-33881000.0,374153569.6095892,246375569.60958922,492058000.0,319880000.0
CPRT,2018-07-31,USD,1805695000.0,584345000.0,0.3236122379471616,False,0.1889131135996627,effective (5y avg),0.2568909763542402,79040000.0,23221000.0,287910000.0,12465000.0,473954566.6336051,300770566.6336051,535069000.0,247159000.0
CPRT,2019-07-31,USD,2041957000.0,716475000.0,0.35087663452266626,False,0.1889131135996627,effective (5y avg),0.1606608118862162,85334000.0,23445000.0,373883000.0,-47626000.0,581123476.9336817,268393476.93368173,646646000.0,272763000.0
CPRT,2020-07-31,USD,2205583000.0,816099000.0,0.37001509351495726,False,0.1889131135996627,effective (5y avg),0.1260328230767982,104257000.0,23322000.0,591972000.0,59256000.0,661927196.9044288,256790196.90442884,917885000.0,325913000.0
CPRT,2021-07-31,USD,2692511000.0,1136426000.0,0.42206921345910936,False,0.1889131135996627,effective (5y avg),0.16521964690340743,123084000.0,40922000.0,462996000.0,-74119000.0,921740225.9643898,548631225.9643898,990891000.0,527895000.0
CPRT,2022-07-31,USD,3500921000.0,1374997000.0,0.39275293558466473,False,0.1889131135996627,effective (5y avg),0.1870489218869551,138605000.0,38965000.0,337448000.0,-62018000.0,1115242035.5398047,893346035.5398047,1176683000.0,839235000.0
CPRT,2023-07-31,USD,3869518000.0,1486569000.0,0.38417420464254204,False,0.1889131135996627,effective (5y avg),0.20368094765068892,159684000.0,39673000.0,516636000.0,-99301000.0,1205736621.6292632,789156621.6292632,1364210000.0,847574000.0
CPRT,2024-07-31,USD,4236823000.0,1572023000.0,0.37103815760063613,False,0.1889131135996627,effective (5y avg),0.20544371547666193,190256000.0,35234000.0,510990000.0,-83990000.0,1275047240.4197176,905557240.4197176,1472564000.0,961574000.0
CPRT,2025-07-31,USD,4646958000.0,1696714000.0,0.36512359268149186,False,0.1889131135996627,effective (5y avg),0.1831723360806001,217784000.0,38004000.0,568990000.0,37808000.0,1376182475.371862,1100788475.371862,1799750000.0,1230760000.0
GEV,2024-12-31,USD,34935000000.0,471000000.0,0.013482181193645342,False,0.3759007205764612,effective (1y avg),0.3759007205764612,1172000000.0,,883000000.0,2576000000.0,293950760.6084868,3158950760.6084867,2583000000.0,1700000000.0
GEV,2025-12-31,USD,38068000000.0,1388000000.0,0.03646106966481034,False,0.3759007205764612,effective (1y avg),-0.7252475247524752,853000000.0,,1277000000.0,5986000000.0,866249799.8398719,6428249799.839872,4987000000.0,3710000000.0
NCLH,2019-12-31,USD,6462376000.0,1178077000.0,0.18229781120751873,False,0.012770543080464918,effective (1y avg),-0.020697525140860137,647102000.0,95055000.0,1637170000.0,245609000.0,1163032316.9193952,513628316.9193952,1822605000.0,185435000.0
NCLH,2020-12-31,USD,1279908000.0,-3484135000.0,-2.7221761251589958,False,0.012770543080464918,effective (1y avg),-0.0031167133786178013,739619000.0,111297000.0,946545000.0,-996406000.0,-3439640703.8843446,-4531675703.884344,-2556243000.0,-3502788000.0
NCLH,2021-12-31,USD,647986000.0,-2552348000.0,-3.938893741531453,False,0.012770543080464918,effective (1y avg),-0.001170101214754783,758604000.0,124077000.0,752843000.0,-190611000.0,-2519753129.909662,-2580526129.909662,-2468009000.0,-3220852000.0
NCLH,2022-12-31,USD,4843760000.0,-1551757000.0,-0.3203620740912019,False,0.012770543080464918,effective (1y avg),0.0029841397845920175,810053000.0,113563000.0,1783857000.0,1994308000.0,-1531940220.381087,-397873220.3810873,210020000.0,-1573837000.0
NCLH,2023-12-31,USD,8549924000.0,930911000.0,0.10887944734947351,False,0.012770543080464918,effective (1y avg),-0.018397313330391723,883236000.0,118940000.0,2750362000.0,410149000.0,919022760.9704213,-419014239.0295787,2005714000.0,-744648000.0
NCLH,2024-12-31,USD,9479651000.0,1465906000.0,0.1546371274638697,False,0.012770543080464918,effective (1y avg),-0.17770572656218667,973512000.0,91781000.0,1210952000.0,130124000.0,1447185584.275088,1431650584.2750883,2049823000.0,838871000.0
NCLH,2025-12-31,USD,9827592000.0,1560868000.0,0.15882507128908077,False,0.012770543080464918,effective (1y avg),0.012770543080464918,1162108000.0,88393000.0,3259606000.0,-24321000.0,1540934867.963081,-492491132.0369191,2089746000.0,-1169860000.0
NKE,2017-05-31,USD,34350000000.0,4749000000.0,0.1382532751091703,True,0.15942258556061753,effective (5y avg),0.1322144903806795,706000000.0,215000000.0,1105000000.0,-426000000.0,3991902141.1726274,3381902141.1726274,3640000000.0,2535000000.0
NKE,2018-05-31,USD,36397000000.0,4445000000.0,0.122125449899717,True,0.15942258556061753,effective (5y avg),0.5530635838150288,747000000.0,218000000.0,1028000000.0,187000000.0,3736366607.1830554,3860366607.183056,4955000000.0,3927000000.0
NKE,2019-05-31,USD,39117000000.0,4772000000.0,0.1219929953728558,True,0.15942258556061753,effective (5y avg),0.16079983336804832,705000000.0,325000000.0,1119000000.0,-270000000.0,4011235421.7047334,3652235421.704733,5903000000.0,4784000000.0
NKE,2020-05-31,USD,37403000000.0,3115000000.0,0.08328208967195144,True,0.15942258556061753,effective (5y avg),0.12054035330793211,721000000.0,429000000.0,1086000000.0,1239000000.0,2618398645.9786763,3921398645.9786763,2485000000.0,1399000000.0
NKE,2021-05-31,USD,44538000000.0,6937000000.0,0.15575463649018814,True,0.15942258556061753,effective (5y avg),0.1402191863083621,744000000.0,611000000.0,695000000.0,-1606000000.0,5831085523.965997,4885085523.965997,6657000000.0,5962000000.0
NKE,2022-05-31,USD,46710000000.0,6675000000.0,0.14290301862556198,True,0.15942258556061753,effective (5y avg),0.09096376484739137,717000000.0,638000000.0,758000000.0,-504000000.0,5610854241.382878,5703854241.382878,5188000000.0,4430000000.0
NKE,2023-05-31,USD,51217000000.0,5915000000.0,0.11548899779370131,True,0.15942258556061753,effective (5y avg),0.18238993710691823,703000000.0,755000000.0,969000000.0,489000000.0,4972015406.408948,5950015406.408948,5841000000.0,4872000000.0
NKE,2024-05-31,USD,51362000000.0,6311000000.0,0.12287294108484872,True,0.15942258556061753,effective (5y avg),0.14925373134328357,796000000.0,804000000.0,812000000.0,-329000000.0,5304884062.526943,5763884062.526943,7429000000.0,6617000000.0
NKE,2025-05-31,USD,46309000000.0,3702000000.0,0.07994126411712627,True,0.15942258556061753,effective (5y avg),0.17142857142857143,775000000.0,709000000.0,430000000.0,-257000000.0,3111817588.254594,3908817588.254594,3698000000.0,3268000000.0
NKE,2026-05-31,USD,46398000000.0,3797000000.0,0.0818354239406871,True,0.15942258556061753,effective (5y avg),0.20307692307692307,747000000.0,715000000.0,684000000.0,-1207000000.0,3191672442.626335,2762672442.626335,2868000000.0,2184000000.0
SBUX,2016-10-02,USD,21315900000.0,4171900000.0,0.19571775059931787,False,0.2357788313542743,effective (5y avg),0.32860953651217073,1030100000.0,218100000.0,1440300000.0,171700000.0,3188254293.473103,3167854293.4731026,4575100000.0,3134800000.0
SBUX,2017-10-01,USD,22386800000.0,4134700000.0,0.18469365876319974,False,0.2357788313542743,effective (5y avg),0.33181239143022584,1067100000.0,176000000.0,1519400000.0,80400000.0,3159825265.9994817,2963925265.999481,4174300000.0,2654900000.0
SBUX,2018-09-30,USD,24719500000.0,3883300000.0,0.15709460142802242,False,0.2357788313542743,effective (5y avg),0.21833910034602075,1305900000.0,250300000.0,1976400000.0,7632000000.0,2967700064.2019463,10179500064.201946,11937800000.0,9961400000.0
SBUX,2019-09-29,USD,26508600000.0,4077900000.0,0.15383309567461126,False,0.2357788313542743,effective (5y avg),0.19515471765706865,1449300000.0,308000000.0,1806600000.0,-196300000.0,3116417503.6204047,2870817503.620405,5047000000.0,3240400000.0
SBUX,2020-09-27,USD,23518000000.0,1561700000.0,0.0664044561612382,False,0.2357788313542743,effective (5y avg),0.20585709378220543,1503200000.0,248600000.0,1483600000.0,-182500000.0,1193484199.0740297,1279184199.07403,1597800000.0,114200000.0
SBUX,2021-10-03,USD,29060600000.0,4872100000.0,0.1676531110851118,False,0.2357788313542743,effective (5y avg),0.21590845451660476,1524100000.0,319100000.0,1470000000.0,140800000.0,3723361955.75884,4237361955.7588406,5989100000.0,4519100000.0
SBUX,2022-10-02,USD,32250300000.0,4617800000.0,0.1431862649339696,False,0.2357788313542743,effective (5y avg),0.22413100498594013,1529400000.0,271500000.0,1841300000.0,-56400000.0,3529020512.572232,3432220512.5722313,4397300000.0,2556000000.0
SBUX,2023-10-01,USD,35975600000.0,5870800000.0,0.16318838323752766,False,0.2357788313542743,effective (5y avg),0.2364353283104093,1450300000.0,302700000.0,2333600000.0,-14800000.0,4486589636.885326,3891189636.8853264,6008700000.0,3675100000.0
SBUX,2024-09-29,USD,36176200000.0,5408800000.0,0.14951266302154456,False,0.2357788313542743,effective (5y avg),0.2429370573084353,1592400000.0,308300000.0,2777500000.0,-25800000.0,4133519456.9710007,3230919456.9710007,6095600000.0,3318100000.0
SBUX,2025-09-28,USD,37184400000.0,2936600000.0,0.0789739783350007,False,0.2357788313542743,effective (5y avg),0.25948231164998203,1771500000.0,318300000.0,2305500000.0,50600000.0,2244211883.845038,2079111883.8450375,4747500000.0,2442000000.0
SPOT,2018-12-31,EUR,5259000000.0,-43000000.0,-0.008176459402928313,False,0.07838762547009372,effective (2y avg),0.5491329479768786,32000000.0,88000000.0,125000000.0,268000000.0,-39629332.10478597,223370667.89521402,344000000.0,219000000.0
SPOT,2019-12-31,EUR,6764000000.0,-73000000.0,-0.010792430514488468,False,0.07838762547009372,effective (2y avg),-0.4198473282442748,87000000.0,122000000.0,135000000.0,486000000.0,-67277703.34068316,492722296.65931684,573000000.0,438000000.0
SPOT,2020-12-31,EUR,7880000000.0,-293000000.0,-0.03718274111675127,False,0.07838762547009372,effective (2y avg),0.18053596614950634,111000000.0,176000000.0,78000000.0,311000000.0,-270032425.73726255,249967574.26273745,259000000.0,181000000.0
SPOT,2021-12-31,EUR,9668000000.0,94000000.0,0.009722796855606123,False,0.07838762547009372,effective (2y avg),1.1365461847389557,127000000.0,223000000.0,85000000.0,-108000000.0,86631563.20581119,243631563.2058112,361000000.0,276000000.0
SPOT,2022-12-31,EUR,11727000000.0,-659000000.0,-0.056195105312526646,False,0.07838762547009372,effective (2y avg),-0.16216216216216217,171000000.0,381000000.0,25000000.0,142000000.0,-607342554.8152082,61657445.1847918,46000000.0,21000000.0
SPOT,2023-12-31,EUR,13247000000.0,-446000000.0,-0.03366800030195516,False,0.07838762547009372,effective (2y avg),-0.053465346534653464,158000000.0,321000000.0,6000000.0,356000000.0,-411039119.0403382,417960880.9596618,680000000.0,674000000.0
SPOT,2024-12-31,EUR,15673000000.0,1365000000.0,0.08709245198749442,False,0.07838762547009372,effective (2y avg),0.15137956748695003,121000000.0,267000000.0,17000000.0,328000000.0,1258000891.2333221,1957000891.2333221,2301000000.0,2284000000.0
SPOT,2025-12-31,EUR,17186000000.0,2198000000.0,0.1278947980914698,False,0.07838762547009372,effective (2y avg),0.00539568345323741,102000000.0,247000000.0,61000000.0,166000000.0,2025703999.216734,2479703999.216734,2933000000.0,2872000000.0
