period,revenue,gross_profit,operating_expenses,sga,rnd,operating_income,pretax_income,income_tax,net_income,da,sbc,capex,ocf,chg_receivables,chg_deferred_revenue,chg_payables_accrued,operating_income_derived,source,currency
2017-07-31,5177000000.0,,,,998000000.0,1395000000.0,1367000000.0,396000000.0,971000000.0,236000000.0,326000000.0,102000000.0,1599000000.0,-5000000.0,83000000.0,0.0,False,EDGAR 10-K,USD
2018-07-31,5964000000.0,,,,1186000000.0,1497000000.0,1503000000.0,292000000.0,1211000000.0,253000000.0,382000000.0,38000000.0,2112000000.0,-5000000.0,66000000.0,12000000.0,False,EDGAR 10-K,USD
2019-07-31,6784000000.0,,,,1233000000.0,1854000000.0,1881000000.0,324000000.0,1557000000.0,225000000.0,401000000.0,76000000.0,2324000000.0,-11000000.0,69000000.0,90000000.0,False,EDGAR 10-K,USD
2020-07-31,7679000000.0,,,,1392000000.0,2176000000.0,2198000000.0,372000000.0,1826000000.0,218000000.0,435000000.0,59000000.0,2414000000.0,59000000.0,38000000.0,33000000.0,False,EDGAR 10-K,USD
2021-07-31,9633000000.0,,,,1678000000.0,2500000000.0,2556000000.0,494000000.0,2062000000.0,363000000.0,753000000.0,53000000.0,3250000000.0,104000000.0,22000000.0,206000000.0,False,EDGAR 10-K,USD
2022-07-31,12726000000.0,,,,2347000000.0,2571000000.0,2542000000.0,476000000.0,2066000000.0,746000000.0,1308000000.0,157000000.0,3889000000.0,31000000.0,71000000.0,-95000000.0,False,EDGAR 10-K,USD
2023-07-31,14368000000.0,,,,2539000000.0,3141000000.0,2989000000.0,605000000.0,2384000000.0,806000000.0,1712000000.0,210000000.0,5046000000.0,-42000000.0,111000000.0,-97000000.0,False,EDGAR 10-K,USD
2024-07-31,16285000000.0,,,,2754000000.0,3630000000.0,3550000000.0,587000000.0,2963000000.0,789000000.0,1940000000.0,191000000.0,4884000000.0,52000000.0,-49000000.0,133000000.0,False,EDGAR 10-K,USD
2025-07-31,18831000000.0,,,,2928000000.0,4923000000.0,4834000000.0,965000000.0,3869000000.0,809000000.0,1968000000.0,84000000.0,6207000000.0,71000000.0,142000000.0,73000000.0,False,EDGAR 10-K,USD
2026-07-31,21448000000.0,,,,3376000000.0,5884000000.0,,1451000000.0,4566000000.0,846000000.0,2056000000.0,175000000.0,8838000000.0,95000000.0,51000000.0,63000000.0,False,EDGAR 10-K,USD
