label,concept,standard_concept,2025-07-31,2024-07-31,2023-07-31,2022-07-31,2021-07-31,2020-07-31,2019-07-31,2018-07-31,2017-07-31,2016-07-31,preferred_sign
Cash and cash equivalents,us-gaap_CashAndCashEquivalentsAtCarryingValue,CashAndMarketableSecurities,2780531000.0,1514111000.0,957395000.0,,,,186319000.0,274520000.0,210100000.0,155849000.0,1
Income taxes receivable,us-gaap_IncomeTaxesReceivable,IncomeTaxReceivable,580000.0,0.0,6574000.0,49882000.0,20012000.0,26740000.0,19526000.0,15312000.0,6418000.0,18751000.0,1
"Accounts receivable, net",us-gaap_AccountsReceivableNetCurrent,TradeReceivables,762811000.0,785877000.0,702038000.0,578573000.0,480628000.0,350207000.0,367265000.0,351601000.0,311846000.0,266270000.0,1
Inventories,us-gaap_InventoryNet,Inventories,39661000.0,43639000.0,39973000.0,58791000.0,44968000.0,20080000.0,20941000.0,16734000.0,10163000.0,10388000.0,1
"Intangibles, net",us-gaap_FiniteLivedIntangibleAssetsNet,IntangibleAssets,,,,54680000.0,45873000.0,47772000.0,55156000.0,64892000.0,75938000.0,11761000.0,1
"Property and equipment, net",us-gaap_PropertyPlantAndEquipmentNet,PlantPropertyEquipmentNet,3598093000.0,3175838000.0,2844339000.0,2485764000.0,2296624000.0,1941719000.0,1427726000.0,1163425000.0,944056000.0,816791000.0,1
Goodwill,us-gaap_Goodwill,Goodwill,517779000.0,513909000.0,394289000.0,401954000.0,355717000.0,343622000.0,333321000.0,337235000.0,340243000.0,260198000.0,1
"Intangibles, net",us-gaap_IntangibleAssetsNetExcludingGoodwill,IntangibleAssets,62832000.0,74088000.0,62702000.0,,,,,,,,1
Other assets,us-gaap_OtherAssetsNoncurrent,OtherNonOperatingNonCurrentAssets,57862000.0,129444000.0,65806000.0,47708000.0,41831000.0,39721000.0,43836000.0,32560000.0,33716000.0,38258000.0,1
Total current assets,us-gaap_AssetsCurrent,CurrentAssetsTotal,5754628000.0,4418184000.0,3262604000.0,2202455000.0,1702611000.0,963759000.0,687167000.0,709116000.0,587261000.0,499306000.0,1
Other liabilities,us-gaap_OtherLiabilitiesNoncurrent,OtherNonOperatingNonCurrentLiabilities,,,,,,430000.0,3342000.0,3586000.0,3100000.0,2783000.0,1
Income taxes payable,us-gaap_AccruedIncomeTaxesNoncurrent,DeferredTaxNonCurrentLiabilities,35635000.0,59560000.0,69193000.0,64637000.0,52345000.0,44965000.0,35116000.0,27277000.0,24573000.0,25641000.0,1
Income taxes payable,us-gaap_AccruedIncomeTaxesCurrent,AccruedIncomeTaxes,41141000.0,60994000.0,4374000.0,0.0,7760000.0,3709000.0,3482000.0,673000.0,6472000.0,5625000.0,1
Total current liabilities,us-gaap_LiabilitiesCurrent,CurrentLiabilitiesTotal,683281000.0,628567000.0,492769000.0,440889000.0,421031000.0,356044000.0,282004000.0,277256000.0,302153000.0,278783000.0,1
Total liabilities,us-gaap_Liabilities,Liabilities,883411000.0,879209000.0,750439000.0,683265000.0,1032942000.0,965745000.0,769236000.0,726599000.0,883901000.0,875364000.0,1
Accounts payable and accrued liabilities,us-gaap_AccountsPayableAndAccruedLiabilitiesCurrent,TradePayables,591831000.0,518148000.0,440810000.0,399034000.0,369826000.0,318530000.0,270918000.0,270944000.0,208415000.0,192379000.0,1
Deferred revenue,us-gaap_ContractWithCustomerLiabilityCurrent,OtherOperatingCurrentLiabilities,30440000.0,28121000.0,26117000.0,,,,,,,,1
Current portion of operating and finance lease liabilities,cprt_OperatingAndFinanceLeaseLiabilityCurrent,,19869000.0,21304000.0,,,,,,,,,1
"Operating and finance lease liabilities, net of current portion",cprt_OperatingAndFinanceLeaseLiabilityNoncurrent,,83870000.0,97429000.0,,,,,,,,,1
Commitments and contingencies,us-gaap_CommitmentsAndContingencies,,,,,,,,,,,,1
Redeemable non-controlling interest,us-gaap_RedeemableNoncontrollingInterestEquityCarryingAmount,TemporaryAndMezzanineFinancing,20458000.0,24544000.0,,,,,,,,,1
Deferred income taxes,us-gaap_DeferredIncomeTaxLiabilitiesNet,DeferredTaxCurrentLiabilities,80625000.0,93653000.0,,80060000.0,63969000.0,71686000.0,,,,,1
Deferred revenue,us-gaap_DeferredRevenueCurrent,DeferredRevenueCurrent,,,,20061000.0,20973000.0,8233000.0,6466000.0,4488000.0,5019000.0,4628000.0,1
Total assets,us-gaap_Assets,Assets,10090902000.0,8427764000.0,6737879000.0,5308864000.0,4562143000.0,3455261000.0,2547617000.0,2307698000.0,1982501000.0,1649820000.0,1
Investment in held to maturity securities,us-gaap_DebtSecuritiesHeldToMaturityAmortizedCostAfterAllowanceForCreditLoss,CashAndMarketableSecurities,2008539000.0,1908047000.0,1406589000.0,,,,,,,,1
Vehicle pooling costs,cprt_VehiclePoolingCosts,,116145000.0,132638000.0,123725000.0,112242000.0,94449000.0,73684000.0,76548000.0,34284000.0,31118000.0,28599000.0,1
Prepaid expenses and other assets,us-gaap_PrepaidExpenseAndOtherAssetsCurrent,OtherNonOperatingCurrentAssets,46361000.0,33872000.0,26310000.0,18731000.0,14294000.0,15330000.0,16568000.0,16665000.0,17616000.0,18005000.0,1
Operating lease right-of-use assets,us-gaap_OperatingLeaseRightOfUseAsset,OperatingLeaseRightOfUseAsset,99708000.0,116301000.0,108139000.0,116303000.0,119487000.0,118455000.0,,,,,1
"Preferred stock: $0.0001 par value—5,000,000 shares authorized; none issued",us-gaap_PreferredStockValue,PreferredStock,0.0,0.0,0.0,0.0,0.0,0.0,0.0,0.0,0.0,0.0,1
"Deferred Income Tax Assets, Net",us-gaap_DeferredIncomeTaxAssetsNet,DeferredTaxNoncurrentAssets,,,,,,213000.0,,,,,1
Current portion of operating lease liabilities,us-gaap_OperatingLeaseLiabilityCurrent,OperatingLeaseCurrentDebtEquivalent,,,,,,24821000.0,,,,,1
Current portion of operating and finance lease liabilities,cprt_Cprt_OperatingAndFinanceLeaseLiabilityCurrent,,,,21468000.0,21794000.0,22472000.0,,,,,,1
"Total liabilities, redeemable noncontrolling interests and stockholders’ equity",us-gaap_LiabilitiesAndStockholdersEquity,LiabilitiesAndEquity,10090902000.0,8427764000.0,6737879000.0,5308864000.0,4562143000.0,3455261000.0,2547617000.0,2307698000.0,1982501000.0,1649820000.0,1
Deferred income taxes,us-gaap_DeferredTaxLiabilitiesNoncurrent,DeferredTaxNonCurrentLiabilities,,,,,,,48683000.0,19733000.0,3192000.0,3816000.0,1
Noncontrolling interest,us-gaap_MinorityInterest,MinorityInterestBalance,,,,,,,,0.0,534000.0,,1
Deferred income taxes,us-gaap_DeferredTaxLiabilitiesCurrent,DeferredTaxCurrentLiabilities,,,,,,,,0.0,92000.0,,1
Deferred income taxes,us-gaap_DeferredTaxAssetsNetCurrent,DeferredTaxCurrentAssets,,,,,,,,,0.0,1444000.0,1
Deferred income taxes,us-gaap_ContractWithCustomerLiabilityNoncurrent,ContractLiabilities,,,89492000.0,,,,,,,,1
Deferred income taxes,us-gaap_DeferredTaxAssetsNetNoncurrent,DeferredTaxNoncurrentAssets,,,,,,,411000.0,470000.0,1287000.0,23506000.0,1
"Operating lease liabilities, net of current portion",us-gaap_OperatingLeaseLiabilityNoncurrent,OperatingLeaseNonCurrentDebtEquivalent,,,,,,95584000.0,,,,,1
"Operating and finance lease liabilities, net of current portion",cprt_Cprt_OperatingAndFinanceLeaseLiabilityNoncurrent,,,,88082000.0,95683000.0,97961000.0,,,,,,1
Total stockholders’ equity,us-gaap_StockholdersEquity,AllEquityBalance,,,5987440000.0,,,,,,,774456000.0,1
"Cash, cash equivalents, and restricted cash",us-gaap_RestrictedCashAndCashEquivalentsAtCarryingValue,RestrictedCashCurrent,,,,1384236000.0,1048260000.0,477718000.0,,,,,1
"Long-term debt and other liabilities, net of discount",us-gaap_LongTermDebtAndCapitalLeaseObligations,LongTermDebt,,0.0,10903000.0,1996000.0,397636000.0,397036000.0,400091000.0,398747000.0,550883000.0,564341000.0,1
Additional paid-in capital,us-gaap_AdditionalPaidInCapitalCommonStock,AdditionalPaidInCapital,1214150000.0,1120985000.0,938910000.0,838532000.0,761834000.0,672727000.0,572559000.0,526858000.0,453349000.0,392445000.0,1
Retained earnings,us-gaap_RetainedEarningsAccumulatedDeficit,RetainedEarnings,8093069000.0,6545902000.0,5189440000.0,3956408000.0,2868203000.0,1937853000.0,1338328000.0,1162146000.0,745370000.0,491194000.0,1
Accumulated other comprehensive loss,us-gaap_AccumulatedOtherComprehensiveIncomeLossNetOfTax,AccumulatedOtherComprehensiveIncome,-120283000.0,-142972000.0,-141006000.0,-169365000.0,-100860000.0,-121088000.0,-132529000.0,-107928000.0,-100676000.0,-109194000.0,1
Total stockholders’ equity,us-gaap_StockholdersEquityIncludingPortionAttributableToNoncontrollingInterest,AllEquityBalanceIncludingMinorityInterest,9187033000.0,7524011000.0,,4625599000.0,3529201000.0,2489516000.0,1778381000.0,1581099000.0,1098600000.0,,1
Current portion of finance lease obligations,us-gaap_LongTermDebtAndCapitalLeaseObligationsCurrent,CurrentPortionOfLongTermDebt,,,,,,751000.0,1138000.0,1151000.0,82155000.0,76151000.0,1
"Common stock: $0.0001 par value—400,000,000 shares authorized; 238,040,974 and 237,014,273 shares issued and outstanding, respectively",us-gaap_CommonStockValueOutstanding,CommonEquity,97000.0,96000.0,96000.0,24000.0,24000.0,24000.0,23000.0,23000.0,23000.0,11000.0,1
