,2025-12-31,2024-12-31,2023-12-31,2022-12-31,2021-12-31
Free Cash Flow,2664000000.0,2129000000.0,1737000000.0,1256000000.0,
Repayment Of Debt,-377000000.0,-267000000.0,-391000000.0,-196000000.0,
Issuance Of Debt,686000000.0,1381000000.0,656000000.0,798000000.0,
Capital Expenditure,-68000000.0,-67000000.0,-42000000.0,-41000000.0,
End Cash Position,3089000000.0,1980000000.0,1284000000.0,811000000.0,
Beginning Cash Position,1980000000.0,1284000000.0,811000000.0,763000000.0,
Effect Of Exchange Rate Changes,102000000.0,-48000000.0,17000000.0,-39000000.0,
Changes In Cash,1007000000.0,744000000.0,456000000.0,87000000.0,
Financing Cash Flow,156000000.0,114000000.0,316000000.0,483000000.0,
Cash Flow From Continuing Financing Activities,154000000.0,116000000.0,318000000.0,483000000.0,
Net Other Financing Charges,14000000.0,-154000000.0,-3000000.0,-10000000.0,
Interest Paid Cff,-212000000.0,-192000000.0,-144000000.0,-85000000.0,
Cash Dividends Paid,-85000000.0,-149000000.0,-85000000.0,-115000000.0,
Preferred Stock Dividend Paid,,,0.0,-7000000.0,0.0
Common Stock Dividend Paid,-85000000.0,-149000000.0,-85000000.0,-108000000.0,
Net Issuance Payments Of Debt,439000000.0,609000000.0,548000000.0,693000000.0,
Net Short Term Debt Issuance,130000000.0,-505000000.0,283000000.0,91000000.0,
Net Long Term Debt Issuance,309000000.0,1114000000.0,265000000.0,602000000.0,
Long Term Debt Payments,-377000000.0,-267000000.0,-391000000.0,-196000000.0,
Long Term Debt Issuance,686000000.0,1381000000.0,656000000.0,798000000.0,
Investing Cash Flow,-1881000000.0,-1567000000.0,-1639000000.0,-1694000000.0,
Cash Flow From Continuing Investing Activities,-1881000000.0,-1568000000.0,-1639000000.0,-1693000000.0,
Net Other Investing Changes,1000000.0,-13000000.0,-2000000.0,-1000000.0,
Interest Received Cfi,56000000.0,33000000.0,4000000.0,5000000.0,
Net Investment Purchase And Sale,-530000000.0,-1000000.0,96000000.0,-91000000.0,
Sale Of Investment,50000000.0,7000000.0,119000000.0,6000000.0,
Purchase Of Investment,-580000000.0,-8000000.0,-23000000.0,-97000000.0,
Net Business Purchase And Sale,-1340000000.0,-1519000000.0,-1695000000.0,-1566000000.0,
Sale Of Business,173000000.0,164000000.0,152000000.0,216000000.0,
Purchase Of Business,-1513000000.0,-1683000000.0,-1847000000.0,-1782000000.0,
Net PPE Purchase And Sale,-68000000.0,-67000000.0,-42000000.0,-41000000.0,
Purchase Of PPE,-68000000.0,-67000000.0,-42000000.0,-41000000.0,
Operating Cash Flow,2732000000.0,2196000000.0,1779000000.0,1297000000.0,
Cash Flow From Continuing Operating Activities,2733000000.0,2197000000.0,1779000000.0,1298000000.0,
Taxes Refund Paid,-556000000.0,-460000000.0,-394000000.0,-343000000.0,
Change In Working Capital,-6000000.0,-45000000.0,-36000000.0,-61000000.0,
Change In Other Working Capital,-31000000.0,77000000.0,71000000.0,65000000.0,
Change In Other Current Liabilities,-23000000.0,-64000000.0,-80000000.0,-5000000.0,
Change In Other Current Assets,-72000000.0,-106000000.0,-68000000.0,-78000000.0,
Change In Payables And Accrued Expense,80000000.0,109000000.0,151000000.0,73000000.0,
Change In Inventory,8000000.0,6000000.0,4000000.0,-9000000.0,
Change In Receivables,32000000.0,-67000000.0,-114000000.0,-107000000.0,
Changes In Account Receivables,56000000.0,-67000000.0,-62000000.0,-84000000.0,
Other Non Cash Items,594000000.0,462000000.0,860000000.0,189000000.0,
Unrealized Gain Loss On Investment Securities,-13000000.0,0.0,-2000000.0,16000000.0,
Asset Impairment Charge,43000000.0,28000000.0,26000000.0,7000000.0,
Deferred Tax,353000000.0,244000000.0,204000000.0,175000000.0,
Deferred Income Tax,353000000.0,244000000.0,204000000.0,175000000.0,
Depreciation Amortization Depletion,1383000000.0,1226000000.0,1021000000.0,819000000.0,
Depreciation And Amortization,1383000000.0,1226000000.0,1021000000.0,819000000.0,
Amortization Cash Flow,1182000000.0,1044000000.0,859000000.0,676000000.0,
Amortization Of Intangibles,1182000000.0,1044000000.0,859000000.0,676000000.0,
Depreciation,201000000.0,182000000.0,162000000.0,143000000.0,
Operating Gains Losses,348000000.0,-26000000.0,38000000.0,-56000000.0,
Earnings Losses From Equity Investments,261000000.0,0.0,-5000000.0,0.0,
Gain Loss On Investment Securities,-67000000.0,,,,
Net Foreign Currency Exchange Gain Loss,154000000.0,-26000000.0,43000000.0,-56000000.0,
Net Income From Continuing Operations,586000000.0,767000000.0,62000000.0,551000000.0,
