label,concept,standard_concept,2025-12-31,2024-12-31,preferred_sign
Net income (loss),us-gaap_ProfitLoss,ProfitLoss,4879000000.0,1559000000.0,1
"Depreciation and amortization of property, plant, and equipment (Note 6)",us-gaap_Depreciation,DepreciationExpense,615000000.0,895000000.0,1
Amortization of intangible assets (Note 8),us-gaap_AmortizationOfIntangibleAssets,AmortizationOfIntangibles,238000000.0,277000000.0,1
(Gains) losses on purchases and sales of business interests,gev_GainLossOnPurchaseAndDispositionOfBusinessInterestsIncludingBusinessHeldForSale,,185000000.0,1147000000.0,-1
Principal pension plans – net (Note 13),us-gaap_PensionExpenseReversalOfExpenseNoncash,,-361000000.0,-376000000.0,1
Other postretirement benefit plans – net (Note 13),us-gaap_OtherPostretirementBenefitsExpenseReversalOfExpenseNoncash,,-227000000.0,-290000000.0,1
Provision (benefit) for income taxes (Note 15),us-gaap_IncomeTaxExpenseBenefit,IncomeTaxes,-2051000000.0,939000000.0,1
Cash recovered (paid) during the year for income taxes,us-gaap_IncomeTaxesPaidNet,IncomeTaxes,830000000.0,623000000.0,-1
Decrease (increase) in current receivables,us-gaap_IncreaseDecreaseInOtherReceivables,ChangeInReceivables,1928000000.0,1289000000.0,-1
"Decrease (increase) in inventories, including deferred inventory costs",us-gaap_IncreaseDecreaseInInventories,,1433000000.0,641000000.0,-1
Decrease (increase) in current contract assets,us-gaap_IncreaseDecreaseInContractWithCustomerAsset,NetCashFromOperatingActivities,456000000.0,409000000.0,-1
Increase (decrease) in accounts payable and equipment project payables,us-gaap_IncreaseDecreaseInAccountsPayableAndAccruedLiabilities,ChangeInPayables,-105000000.0,1066000000.0,1
Increase (decrease) in contract liabilities and current deferred income,us-gaap_IncreaseDecreaseInContractWithCustomerLiability,ChangeInDeferredRevenue,8019000000.0,2799000000.0,1
All other operating activities,us-gaap_OtherOperatingActivitiesCashFlowStatement,NetCashFromOperatingActivities,-1187000000.0,229000000.0,1
Cash from (used for) operating activities,us-gaap_NetCashProvidedByUsedInOperatingActivities,NetCashFromOperatingActivities,4987000000.0,2583000000.0,1
"Additions to property, plant, and equipment and internal-use software",us-gaap_PaymentsToAcquireProductiveAssets,CapitalExpenses,1277000000.0,883000000.0,-1
"Dispositions of property, plant, and equipment",us-gaap_ProceedsFromSaleOfPropertyPlantAndEquipment,ProceedsFromSaleOfPPE,39000000.0,25000000.0,1
Purchases of and contributions to equity method investments,us-gaap_PaymentsToAcquireEquityMethodInvestments,InvestmentPurchases,87000000.0,114000000.0,-1
Sales of and distributions from equity method investments,us-gaap_ProceedsFromSaleOfEquityMethodInvestments,NetCashFromInvestingActivities,464000000.0,244000000.0,1
Proceeds from principal business dispositions,us-gaap_ProceedsFromDivestitureOfBusinesses,,60000000.0,813000000.0,1
All other investing activities,us-gaap_PaymentsForProceedsFromOtherInvestingActivities,NetCashFromInvestingActivities,-47000000.0,122000000.0,-1
Cash from (used for) investing activities,us-gaap_NetCashProvidedByUsedInInvestingActivities,NetCashFromInvestingActivities,-755000000.0,-37000000.0,1
Net increase (decrease) in borrowings of maturities of 90 days or less,us-gaap_ProceedsFromRepaymentsOfShortTermDebtMaturingInThreeMonthsOrLess,,0.0,-23000000.0,1
Transfers from (to) Parent,gev_ProceedsFromPaymentsToParent,,0.0,2933000000.0,1
Dividends paid to stockholders,us-gaap_PaymentsOfDividends,DistributionsToMinorityInterests,275000000.0,,-1
Purchases of common stock for treasury,us-gaap_PaymentsForRepurchaseOfCommonStock,EquityExpenseIncome(BuybackIssued),3316000000.0,,-1
All other financing activities,us-gaap_ProceedsFromPaymentsForOtherFinancingActivities,NetCashFromFinancingActivities,-221000000.0,742000000.0,1
Cash from (used for) financing activities,us-gaap_NetCashProvidedByUsedInFinancingActivities,NetCashFromFinancingActivities,-3813000000.0,3652000000.0,1
"Effect of currency exchange rate changes on cash, cash equivalents, and restricted cash",us-gaap_EffectOfExchangeRateOnCashCashEquivalentsRestrictedCashAndRestrictedCashEquivalentsIncludingDisposalGroupAndDiscontinuedOperations,ForeignExchangeEffectOnCash,224000000.0,-147000000.0,1
"Increase (decrease) in cash, cash equivalents, and restricted cash, including cash classified within assets held for sale",us-gaap_CashCashEquivalentsRestrictedCashAndRestrictedCashEquivalentsPeriodIncreaseDecreaseIncludingExchangeRateEffect,NetChangeInCash,644000000.0,6051000000.0,1
Less: Net increase (decrease) in cash classified within assets held for sale,us-gaap_CashCashEquivalentsRestrictedCashAndRestrictedCashEquivalentsPeriodIncreaseDecreaseIncludingExchangeRateEffectDisposalGroupIncludingDiscontinuedOperations,,2000000.0,-603000000.0,1
"Increase (decrease) in cash, cash equivalents, and restricted cash",us-gaap_CashCashEquivalentsRestrictedCashAndRestrictedCashEquivalentsPeriodIncreaseDecreaseIncludingExchangeRateEffectContinuingOperations,,643000000.0,6654000000.0,1
Cash paid during the year for interest,us-gaap_InterestPaidNet,InterestExpense,53000000.0,74000000.0,-1
Increase (decrease) in due to related parties,us-gaap_IncreaseDecreaseInDueToRelatedParties,NetCashFromOperatingActivities,,-398000000.0,1
Decrease (increase) in due from related parties,us-gaap_IncreaseDecreaseInDueFromRelatedParties,NetCashFromOperatingActivities,,8000000.0,-1
