label,concept,standard_concept,2025-12-31,2024-12-31,2023-12-31,preferred_sign
Total revenue,us-gaap_RevenueFromContractWithCustomerExcludingAssessedTax,Revenue,3131266000.0,2627543000.0,2170230000.0,1
Total cost of revenue,us-gaap_CostOfGoodsAndServicesSold,CostOfGoodsAndServicesSold,508487000.0,393265000.0,345489000.0,1
Gross profit,us-gaap_GrossProfit,GrossProfit,2622779000.0,2234278000.0,1824741000.0,1
Restructuring,us-gaap_RestructuringCharges,RestructuringExpenseBenefit,4036000.0,3990000.0,96843000.0,1
Research and development,us-gaap_ResearchAndDevelopmentExpense,ResearchAndDevelopmentExpenses,905943000.0,778714000.0,617745000.0,1
General and administrative,us-gaap_GeneralAndAdministrativeExpense,SellingGeneralAndAdminExpenses,326045000.0,300332000.0,249649000.0,1
Sales and marketing,us-gaap_SellingAndMarketingExpense,SellingGeneralAndAdminExpenses,1379376000.0,1218844000.0,1068560000.0,1
Total operating expenses,us-gaap_OperatingExpenses,TotalOperatingExpenses,2615400000.0,2301880000.0,2032797000.0,1
Income (loss) from operations,us-gaap_OperatingIncomeLoss,OperatingIncomeLoss,7379000.0,-67602000.0,-208056000.0,1
Interest expense,us-gaap_InterestExpenseNonoperating,InterestExpense,-876000.0,-3721000.0,-3801000.0,-1
Interest income,us-gaap_InvestmentIncomeInterest,InterestAndDividendIncome,66218000.0,82706000.0,58828000.0,1
"Other (expense) income, net",us-gaap_OtherNonoperatingIncomeExpense,NonoperatingIncomeExpense,-3258000.0,17294000.0,-4673000.0,1
Total other income,us-gaap_NonoperatingIncomeExpense,NonoperatingIncomeExpense,62084000.0,96279000.0,50354000.0,1
Income (loss) before income tax expense,us-gaap_IncomeLossFromContinuingOperationsBeforeIncomeTaxesExtraordinaryItemsNoncontrollingInterest,PretaxIncomeLoss,69463000.0,28677000.0,-157702000.0,1
Income tax expense,us-gaap_IncomeTaxExpenseBenefit,IncomeTaxes,-23552000.0,-24049000.0,-18593000.0,-1
Net income (loss),us-gaap_NetIncomeLoss,NetIncome,45911000.0,4628000.0,-176295000.0,1
"Net income (loss) per share, basic",us-gaap_EarningsPerShareBasic,,0.88,0.09,-3.53,1
"Net income (loss) per share, diluted",us-gaap_EarningsPerShareDiluted,,0.86,0.09,-3.53,1
Weighted average common shares used in computing basic net income (loss) per share:,us-gaap_WeightedAverageNumberOfSharesOutstandingBasic,SharesAverage,52455000.0,51178000.0,49877000.0,1
Weighted average common shares used in computing diluted net income (loss) per share:,us-gaap_WeightedAverageNumberOfDilutedSharesOutstanding,SharesFullyDilutedAverage,53194000.0,51819000.0,49877000.0,1
