label,concept,standard_concept,2026-06-30,2025-06-30,2024-06-30,2023-06-30,2022-06-30,2021-06-30,2020-06-30,2019-06-30,2018-06-30,2017-06-30,preferred_sign
Cash and cash equivalents,us-gaap_CashAndCashEquivalentsAtCarryingValue,CashAndMarketableSecurities,20935000000.0,30242000000.0,18315000000.0,34704000000.0,13931000000.0,14224000000.0,13576000000.0,11356000000.0,11946000000.0,7663000000.0,1
Inventories,us-gaap_InventoryNet,Inventories,1397000000.0,938000000.0,1246000000.0,2500000000.0,3742000000.0,2636000000.0,1895000000.0,2063000000.0,2662000000.0,2181000000.0,1
Goodwill,us-gaap_Goodwill,Goodwill,119651000000.0,119509000000.0,119220000000.0,67886000000.0,67524000000.0,49711000000.0,43351000000.0,42026000000.0,35683000000.0,35122000000.0,1
"Intangible assets, net",us-gaap_FiniteLivedIntangibleAssetsNet,IntangibleAssets,18609000000.0,22604000000.0,27597000000.0,9366000000.0,11298000000.0,7800000000.0,7038000000.0,7750000000.0,8053000000.0,10106000000.0,1
Accounts payable,us-gaap_AccountsPayableCurrent,TradePayables,42416000000.0,27724000000.0,21996000000.0,18095000000.0,19000000000.0,15163000000.0,12530000000.0,9382000000.0,8617000000.0,7390000000.0,1
Short-term debt,us-gaap_CommercialPaper,ShortTermDebt,,0.0,6693000000.0,,,,,,,,1
Short-term investments,us-gaap_ShortTermInvestments,ShortTermInvestments,55908000000.0,64323000000.0,57228000000.0,76558000000.0,90826000000.0,116110000000.0,122951000000.0,122463000000.0,,,1
Other current assets,us-gaap_OtherAssetsCurrent,OtherNonOperatingCurrentAssets,48594000000.0,25723000000.0,26021000000.0,21807000000.0,16924000000.0,13393000000.0,11482000000.0,10146000000.0,6751000000.0,4897000000.0,1
Total current assets,us-gaap_AssetsCurrent,CurrentAssetsTotal,207710000000.0,191131000000.0,159734000000.0,184257000000.0,169684000000.0,184406000000.0,181915000000.0,175552000000.0,169662000000.0,159851000000.0,1
Other long-term assets,us-gaap_OtherAssetsNoncurrent,OtherNonOperatingNonCurrentAssets,38805000000.0,40565000000.0,36460000000.0,30601000000.0,21897000000.0,15075000000.0,13138000000.0,14723000000.0,7442000000.0,6250000000.0,1
"Total cash, cash equivalents, and short-term investments",us-gaap_CashCashEquivalentsAndShortTermInvestments,CashAndMarketableSecurities,76843000000.0,94565000000.0,75543000000.0,111262000000.0,104757000000.0,130334000000.0,136527000000.0,133819000000.0,133768000000.0,132981000000.0,1
"Accounts receivable, net of allowance for doubtful accounts of $1,040 and $944",us-gaap_AccountsReceivableNetCurrent,TradeReceivables,80876000000.0,69905000000.0,56924000000.0,48688000000.0,44261000000.0,38043000000.0,32011000000.0,29524000000.0,26481000000.0,19792000000.0,1
"Property and equipment, net of accumulated depreciation of $118,691 and $93,653",us-gaap_PropertyPlantAndEquipmentNet,PlantPropertyEquipmentNet,313076000000.0,204966000000.0,135591000000.0,95641000000.0,74398000000.0,59715000000.0,44151000000.0,36477000000.0,29460000000.0,23734000000.0,1
Operating lease right-of-use assets,us-gaap_OperatingLeaseRightOfUseAsset,OperatingLeaseRightOfUseAsset,24177000000.0,24823000000.0,18961000000.0,14346000000.0,13148000000.0,11088000000.0,8753000000.0,7379000000.0,6686000000.0,,1
Equity and other investments,us-gaap_LongTermInvestments,LongtermInvestments,36348000000.0,15405000000.0,14600000000.0,9879000000.0,6891000000.0,5984000000.0,2965000000.0,2649000000.0,1862000000.0,6023000000.0,1
Total assets,us-gaap_Assets,Assets,758376000000.0,619003000000.0,512163000000.0,411976000000.0,364840000000.0,333779000000.0,301311000000.0,286556000000.0,258848000000.0,241086000000.0,1
Current portion of long-term debt,us-gaap_LongTermDebtCurrent,CurrentPortionOfLongTermDebt,9227000000.0,2999000000.0,2249000000.0,5247000000.0,2749000000.0,8072000000.0,3749000000.0,5516000000.0,3998000000.0,1049000000.0,1
Short-term income taxes,us-gaap_AccruedIncomeTaxesCurrent,AccruedIncomeTaxes,2534000000.0,7211000000.0,5017000000.0,4152000000.0,4067000000.0,2174000000.0,2130000000.0,5665000000.0,2121000000.0,718000000.0,1
Other current liabilities,us-gaap_OtherLiabilitiesCurrent,OtherNonOperatingCurrentLiabilities,26738000000.0,25020000000.0,19185000000.0,14745000000.0,13067000000.0,11666000000.0,10027000000.0,9351000000.0,8744000000.0,6280000000.0,1
Total current liabilities,us-gaap_LiabilitiesCurrent,CurrentLiabilitiesTotal,168825000000.0,141218000000.0,125286000000.0,104149000000.0,95082000000.0,88657000000.0,72310000000.0,69420000000.0,58488000000.0,64527000000.0,1
Long-term income taxes,us-gaap_AccruedIncomeTaxesNoncurrent,DeferredTaxNonCurrentLiabilities,28647000000.0,25986000000.0,27931000000.0,25560000000.0,26069000000.0,27190000000.0,29432000000.0,29612000000.0,30265000000.0,,1
Total liabilities,us-gaap_Liabilities,Liabilities,315989000000.0,275524000000.0,243686000000.0,205753000000.0,198298000000.0,191791000000.0,183007000000.0,184226000000.0,176130000000.0,168692000000.0,1
Long-term debt,us-gaap_LongTermDebtNoncurrent,LongTermDebt,31067000000.0,40152000000.0,42688000000.0,41990000000.0,47032000000.0,50074000000.0,59578000000.0,66662000000.0,72242000000.0,76073000000.0,1
Accrued compensation,us-gaap_EmployeeRelatedLiabilitiesCurrent,AccruedCompensation,14945000000.0,13709000000.0,12564000000.0,11009000000.0,10661000000.0,10057000000.0,7874000000.0,6830000000.0,6103000000.0,5819000000.0,1
Short-term unearned revenue,us-gaap_ContractWithCustomerLiabilityCurrent,OtherOperatingCurrentLiabilities,72965000000.0,64555000000.0,57582000000.0,50901000000.0,45538000000.0,41525000000.0,36000000000.0,32676000000.0,28905000000.0,,1
Long-term unearned revenue,us-gaap_ContractWithCustomerLiabilityNoncurrent,ContractLiabilities,2747000000.0,2710000000.0,2602000000.0,2912000000.0,2870000000.0,2616000000.0,3180000000.0,4530000000.0,3815000000.0,,1
Operating lease liabilities,us-gaap_OperatingLeaseLiabilityNoncurrent,OperatingLeaseNonCurrentDebtEquivalent,16532000000.0,17437000000.0,15497000000.0,12728000000.0,11489000000.0,9629000000.0,7671000000.0,6188000000.0,5568000000.0,,1
Commitments and contingencies,us-gaap_CommitmentsAndContingencies,,,,,,,,,,,,1
Other long-term liabilities,us-gaap_OtherLiabilitiesNoncurrent,OtherNonOperatingNonCurrentLiabilities,65117000000.0,45186000000.0,27064000000.0,17981000000.0,15526000000.0,13427000000.0,10632000000.0,7581000000.0,5211000000.0,17184000000.0,1
Deferred income taxes,us-gaap_DeferredIncomeTaxLiabilitiesNet,DeferredTaxCurrentLiabilities,3054000000.0,2835000000.0,2618000000.0,433000000.0,230000000.0,198000000.0,204000000.0,,,,1
Total liabilities and stockholders’ equity,us-gaap_LiabilitiesAndStockholdersEquity,LiabilitiesAndEquity,758376000000.0,619003000000.0,512163000000.0,411976000000.0,364840000000.0,333779000000.0,301311000000.0,286556000000.0,258848000000.0,241086000000.0,1
Deferred income taxes,us-gaap_DeferredTaxLiabilitiesNoncurrent,DeferredTaxNonCurrentLiabilities,,,,,,,,233000000.0,541000000.0,531000000.0,1
Short-term debt,us-gaap_ShortTermBorrowings,ShortTermDebt,,,,,,,,,0.0,9072000000.0,1
Short-term unearned revenue,us-gaap_DeferredRevenueCurrent,DeferredRevenueCurrent,,,,,,,,,,34102000000.0,1
Securities lending payable,us-gaap_DepositsReceivedForSecuritiesLoanedAtCarryingValue,OtherNonOperatingCurrentLiabilities,,,,,,,,,,97000000.0,1
Long-term unearned revenue,us-gaap_DeferredRevenueNoncurrent,DeferredRevenueNonCurrent,,,,,,,,,,10377000000.0,1
Short-term investments,us-gaap_AvailableForSaleSecuritiesCurrent,CashAndMarketableSecurities,,,,,,,,,121822000000.0,125318000000.0,1
"Common stock and paid-in capital - shares authorized 24,000; outstanding 7,427 and 7,434",us-gaap_CommonStocksIncludingAdditionalPaidInCapital,,117406000000.0,109095000000.0,100923000000.0,93718000000.0,86939000000.0,83111000000.0,80552000000.0,78520000000.0,71223000000.0,69315000000.0,1
Retained earnings,us-gaap_RetainedEarningsAccumulatedDeficit,RetainedEarnings,328265000000.0,237731000000.0,173144000000.0,118848000000.0,84281000000.0,57055000000.0,34566000000.0,24150000000.0,13682000000.0,2648000000.0,1
Accumulated other comprehensive loss,us-gaap_AccumulatedOtherComprehensiveIncomeLossNetOfTax,AccumulatedOtherComprehensiveIncome,-3284000000.0,-3347000000.0,-5590000000.0,-6343000000.0,-4678000000.0,1822000000.0,3186000000.0,-340000000.0,-2187000000.0,431000000.0,1
Total stockholders’ equity,us-gaap_StockholdersEquity,AllEquityBalance,442387000000.0,343479000000.0,268477000000.0,206223000000.0,166542000000.0,141988000000.0,118304000000.0,102330000000.0,82718000000.0,72394000000.0,1
