label,concept,standard_concept,2025-12-31,2024-12-31,2023-12-31,2022-12-31,2021-12-31,2020-12-31,2019-12-31,2018-12-31,2017-12-31,preferred_sign
Profit (loss) after tax,ifrs-full_ProfitLoss,ProfitLoss,7326000000.0,3150000000.0,5964000000.0,1708000000.0,5376000000.0,5283000000.0,3370000000.0,4088000000.0,4056000000.0,1.0
(Profit) loss after tax from discontinued operations,sap_AdjustmentsForProfitLossAfterTaxFromDiscontinuedOperations,,0.0,0.0,,,,,,,,1.0
Depreciation and amortization,ifrs-full_AdjustmentsForDepreciationAndAmortisationExpense,DepreciationAmortizationCF,1311000000.0,1280000000.0,1373000000.0,1896000000.0,1775000000.0,1831000000.0,1872000000.0,1362000000.0,1272000000.0,1.0
Share-based payment expense,ifrs-full_AdjustmentsForSharebasedPayments,StockBasedCompensationCF,1695000000.0,2385000000.0,2220000000.0,2614000000.0,2794000000.0,1084000000.0,1835000000.0,,,1.0
Income tax expense,ifrs-full_AdjustmentsForIncomeTaxExpense,,2944000000.0,1614000000.0,1741000000.0,1382000000.0,1471000000.0,1938000000.0,1226000000.0,1511000000.0,970000000.0,1.0
"Financial income, net",ifrs-full_AdjustmentsForFinanceIncomeCost,,534000000.0,398000000.0,-456000000.0,-1385000000.0,2174000000.0,776000000.0,,,,-1.0
Increase/decrease in allowances on trade receivables,ifrs-full_AdjustmentsForImpairmentLossReversalOfImpairmentLossRecognisedInProfitOrLossTradeAndOtherReceivables,,11000000.0,30000000.0,-10000000.0,90000000.0,-11000000.0,68000000.0,,,,1.0
Other adjustments for non-cash items,ifrs-full_OtherAdjustmentsForNoncashItems,,94000000.0,110000000.0,23000000.0,-173000000.0,39000000.0,-198000000.0,-54000000.0,-14000000.0,-34000000.0,1.0
Increase/decrease in trade and other receivables,ifrs-full_AdjustmentsForDecreaseIncreaseInTradeAndOtherReceivables,,-388000000.0,-247000000.0,-393000000.0,149000000.0,414000000.0,821000000.0,,,,1.0
Increase/decrease in other assets,ifrs-full_AdjustmentsForDecreaseIncreaseInOtherAssets,,-1315000000.0,-632000000.0,-700000000.0,-1312000000.0,-706000000.0,-651000000.0,,,,1.0
"Increase/decrease in trade payables, provisions, and other liabilities",sap_AdjustmentsForIncreaseDecreaseInTradePayableProvisionsAndOtherLiabilities,,-308000000.0,603000000.0,633000000.0,163000000.0,475000000.0,293000000.0,328000000.0,93000000.0,389000000.0,1.0
Increase/decrease in contract liabilities,ifrs-full_AdjustmentsForIncreaseDecreaseInContractLiabilities,,1336000000.0,869000000.0,443000000.0,685000000.0,100000000.0,,,,,1.0
Share-based payments,sap_ShareBasedPaymentsClassifiedAsOperatingActivities,,817000000.0,1282000000.0,1091000000.0,-1182000000.0,-1120000000.0,-1310000000.0,-1257000000.0,,,-1.0
"Income taxes paid, net of refunds",ifrs-full_IncomeTaxesPaidRefundClassifiedAsOperatingActivities,,2198000000.0,2277000000.0,2161000000.0,1675000000.0,2063000000.0,1194000000.0,2329000000.0,1687000000.0,1332000000.0,-1.0
Net cash flows from operating activities - continuing operations,ifrs-full_CashFlowsFromUsedInOperatingActivitiesContinuingOperations,,9156000000.0,5220000000.0,6210000000.0,,,,,,,1.0
Net cash flows from operating activities - discontinued operations,ifrs-full_CashFlowsFromUsedInOperatingActivitiesDiscontinuedOperations,,0.0,0.0,122000000.0,,,,,,,1.0
Net cash flows from operating activities,ifrs-full_CashFlowsFromUsedInOperatingActivities,NetCashFromOperatingActivities,9156000000.0,5220000000.0,6332000000.0,5647000000.0,6223000000.0,7194000000.0,3496000000.0,4303000000.0,5045000000.0,1.0
"Business combinations, net of cash and cash equivalents acquired",ifrs-full_CashFlowsUsedInObtainingControlOfSubsidiariesOrOtherBusinessesClassifiedAsInvestingActivities,,702000000.0,1114000000.0,,,,,,2036000000.0,291000000.0,-1.0
Proceeds from sales of subsidiaries or other businesses,ifrs-full_CashFlowsFromLosingControlOfSubsidiariesOrOtherBusinessesClassifiedAsInvestingActivities,,,0.0,0.0,289000000.0,-72000000.0,203000000.0,61000000.0,,,1.0
Cash flows from derivative financial instruments related to the sale of subsidiaries or businesses,sap_CashFlowsFromDerivativeFinancialInstrumentsRelatedToSaleOfSubsidiariesOrBusinesses,,0.0,0.0,-91000000.0,,,,,,,1.0
"Purchase of intangible assets and property, plant, and equipment",ifrs-full_PurchaseOfPropertyPlantAndEquipmentIntangibleAssetsOtherThanGoodwillInvestmentPropertyAndOtherNoncurrentAssets,,739000000.0,797000000.0,785000000.0,874000000.0,800000000.0,816000000.0,817000000.0,1458000000.0,1275000000.0,-1.0
"Proceeds from sales of intangible assets and property, plant, and equipment",ifrs-full_ProceedsFromDisposalsOfPropertyPlantAndEquipmentIntangibleAssetsOtherThanGoodwillInvestmentPropertyAndOtherNoncurrentAssets,,121000000.0,122000000.0,99000000.0,60000000.0,91000000.0,88000000.0,71000000.0,57000000.0,97000000.0,1.0
Purchase of equity or debt instruments of other entities,ifrs-full_OtherCashPaymentsToAcquireEquityOrDebtInstrumentsOfOtherEntitiesClassifiedAsInvestingActivities,,5845000000.0,6401000000.0,3566000000.0,2320000000.0,4368000000.0,2535000000.0,900000000.0,1013000000.0,2914000000.0,-1.0
Proceeds from sales of equity or debt instruments of other entities,ifrs-full_OtherCashReceiptsFromSalesOfEquityOrDebtInstrumentsOfOtherEntitiesClassifiedAsInvestingActivities,,5779000000.0,7533000000.0,907000000.0,4190000000.0,3229000000.0,735000000.0,778000000.0,1488000000.0,3272000000.0,1.0
Interest received,ifrs-full_InterestReceivedClassifiedAsInvestingActivities,,420000000.0,,,,,,,,,1.0
Net cash flows from investing activities - continuing operations,ifrs-full_CashFlowsFromUsedInInvestingActivitiesContinuingOperations,,-965000000.0,-656000000.0,-4603000000.0,,,,,,,1.0
Net cash flows from investing activities - discontinued operations,ifrs-full_CashFlowsFromUsedInInvestingActivitiesDiscontinuedOperations,,0.0,0.0,5510000000.0,,,,,,,1.0
Net cash flows from investing activities,ifrs-full_CashFlowsFromUsedInInvestingActivities,NetCashFromInvestingActivities,-965000000.0,-656000000.0,906000000.0,667000000.0,-3063000000.0,-2986000000.0,-7021000000.0,-3066000000.0,-1112000000.0,1.0
Dividends paid,ifrs-full_DividendsPaidToEquityHoldersOfParentClassifiedAsFinancingActivities,,2743000000.0,2565000000.0,2395000000.0,2865000000.0,2182000000.0,1864000000.0,,,,-1.0
Dividends paid on non-controlling interests,ifrs-full_DividendsPaidToNoncontrollingInterestsClassifiedAsFinancingActivities,,2000000.0,1000000.0,13000000.0,12000000.0,54000000.0,2000000.0,,,,-1.0
Purchase of treasury shares,ifrs-full_PaymentsToAcquireOrRedeemEntitysShares,StockRepurchasePayments,1937000000.0,2106000000.0,949000000.0,1500000000.0,0.0,1492000000.0,0.0,0.0,500000000.0,-1.0
Proceeds from borrowings,ifrs-full_ProceedsFromBorrowingsClassifiedAsFinancingActivities,DebtProceeds,2000000.0,2767000000.0,13000000.0,158000000.0,1680000000.0,2132000000.0,3622000000.0,6368000000.0,27000000.0,1.0
Repayments of borrowings,ifrs-full_RepaymentsOfBorrowingsClassifiedAsFinancingActivities,DebtRepayments,3191000000.0,1185000000.0,4081000000.0,1445000000.0,1952000000.0,2430000000.0,1309000000.0,1407000000.0,1391000000.0,-1.0
Payments of lease liabilities,ifrs-full_PaymentsOfLeaseLiabilitiesClassifiedAsFinancingActivities,,299000000.0,310000000.0,332000000.0,424000000.0,374000000.0,378000000.0,403000000.0,,,-1.0
Transactions with non-controlling interests,sap_TransactionsWithNoncontrollingInterests,,0.0,-11000000.0,0.0,0.0,-2000000.0,-59000000.0,,,,1.0
Interest paid,ifrs-full_InterestPaidClassifiedAsFinancingActivities,,574000000.0,,,,,,,,,-1.0
Net cash flows from financing activities - continuing operations,ifrs-full_CashFlowsFromUsedInFinancingActivitiesContinuingOperations,,-8745000000.0,-3412000000.0,-7758000000.0,,,,,,,1.0
Net cash flows from financing activities - discontinued operations,ifrs-full_CashFlowsFromUsedInFinancingActivitiesDiscontinuedOperations,,0.0,0.0,24000000.0,,,,,,,1.0
Net cash flows from financing activities,ifrs-full_CashFlowsFromUsedInFinancingActivities,NetCashFromFinancingActivities,-8745000000.0,-3412000000.0,-7734000000.0,-6337000000.0,-56000000.0,-3997000000.0,102000000.0,3283000000.0,-3406000000.0,1.0
Effect of foreign currency rates on cash and cash equivalents,ifrs-full_EffectOfExchangeRateChangesOnCashAndCashEquivalents,NetChangeInCash,-836000000.0,333000000.0,-388000000.0,134000000.0,484000000.0,-214000000.0,110000000.0,97000000.0,-218000000.0,1.0
Net increase/decrease in cash and cash equivalents,ifrs-full_IncreaseDecreaseInCashAndCashEquivalents,NetChangeInCash,-1390000000.0,1485000000.0,-883000000.0,109000000.0,3587000000.0,-4000000.0,-3313000000.0,4617000000.0,309000000.0,1.0
(Profit) loss after tax from discontinued operations,ifrs-full_ProfitLossFromDiscontinuedOperations,DiscontinuedOperationsIncome,,,2363000000.0,,,,,,,-1.0
"Financial income, net",ifrs-full_FinanceIncomeCost,,,,,,,,198000000.0,-47000000.0,185000000.0,-1.0
Decrease/increase in allowances on trade receivables,sap_DecreaseIncreaseInAllowanceAccountsOnTradeReceivables,,,,,,,,14000000.0,-67000000.0,-32000000.0,1.0
Decrease/increase in trade and other receivables,ifrs-full_AdjustmentsForDecreaseIncreaseInTradeAccountReceivable,ChangeInReceivables,,,,,,,-1469000000.0,136000000.0,-309000000.0,1.0
Decrease/increase in other assets,ifrs-full_AdjustmentsForDecreaseIncreaseInOtherOperatingReceivables,,,,,,,,-583000000.0,-454000000.0,-355000000.0,
Increase/decrease in contract liabilities,sap_AdjustmentsForIncreaseDecreaseInContractLiabilities,,,,,,,128000000.0,,,,1.0
Increase/decrease in contract liabilities,ifrs-full_AdjustmentsForIncreaseDecreaseInDeferredIncome,,,,,,,,984000000.0,-561000000.0,718000000.0,1.0
"Cash flows for business combinations, net of cash and cash equivalents acquired",sap_CashFlowsForBusinessCombinationsAndRelatedDerivativeFinancialInstrumentsNetCashCashEquivalentsAcquired,,,,1168000000.0,679000000.0,1142000000.0,662000000.0,6215000000.0,2140000000.0,291000000.0,-1.0
Proceeds from changes in ownership interests in subsidiaries that do not result in the loss of control,ifrs-full_ProceedsFromChangesInOwnershipInterestsInSubsidiaries,,,,,33000000.0,2828000000.0,95000000.0,,,,1.0
Cash flows from derivative financial instruments related to business combinations,sap_CashReceiptsFromDerivativeInstrumentsRelatedToBusinessCombinations,,,,,,,,,103000000.0,0.0,-1.0
Cash receipts from swap contracts,ifrs-full_CashReceiptsFromFutureContractsForwardContractsOptionContractsAndSwapContractsClassifiedAsInvestingActivities,,,,,,,,,,0.0,1.0
Proceeds from reissuance of treasury shares,sap_ProceedsFromReissuanceTreasuryShares,,,,,,,,,0.0,0.0,1.0
Total cash flows from proceeds from borrowings,sap_TotalCashFlowsFromProceedsFromBorrowings,,,,,,,,,,27000000.0,1.0
Interest received,ifrs-full_InterestReceivedClassifiedAsOperatingActivities,,,563000000.0,469000000.0,166000000.0,56000000.0,122000000.0,97000000.0,99000000.0,88000000.0,1.0
Interest paid,ifrs-full_InterestPaidClassifiedAsOperatingActivities,,,550000000.0,393000000.0,248000000.0,202000000.0,244000000.0,341000000.0,251000000.0,200000000.0,-1.0
Dividends paid on non-controlling interests,ifrs-full_DividendsPaidToNoncontrollingInterests,,,,,,,,17000000.0,7000000.0,45000000.0,-1.0
Transactions with non-controlling interests,ifrs-full_ProceedsFromContributionsOfNoncontrollingInterests,,,,,,,,0.0,0.0,2000000.0,1.0
Payments for taxes related to net share settlement of equity awards,sap_PaymentTaxShareSettlementOfEquityAwards,,,,,282000000.0,,,,,,-1.0
Dividends paid,ifrs-full_DividendsPaidClassifiedAsFinancingActivities,CommonDividendsPaid,,,,,,,1790000000.0,1671000000.0,1499000000.0,-1.0
