label,concept,standard_concept,2025-09-28,2024-09-29,2023-10-01,2022-10-02,2021-10-03,2020-09-27,2019-09-29,2018-09-30,2017-10-01,2016-10-02,preferred_sign
Net earnings including noncontrolling interests,us-gaap_ProfitLoss,ProfitLoss,1856700000.0,3762300000.0,4124700000.0,3283400000.0,4200300000.0,924700000.0,3594600000.0,4518000000.0,2884900000.0,2818900000.0,1
Depreciation and amortization,us-gaap_DepreciationDepletionAndAmortization,DepreciationExpense,1771500000.0,1592400000.0,1450300000.0,1529400000.0,1524100000.0,1503200000.0,1449300000.0,1305900000.0,1067100000.0,1030100000.0,1
"Deferred income taxes, net",us-gaap_DeferredIncomeTaxExpenseBenefit,IncomeTaxes,-90600000.0,-13800000.0,-59400000.0,-37800000.0,-146200000.0,-25800000.0,-1495400000.0,714900000.0,95100000.0,265700000.0,1
Income earned from equity method investees,sbux_IncomeLossfromEquityMethodInvestments1,,274200000.0,306400000.0,301800000.0,268700000.0,347300000.0,280700000.0,250600000.0,242800000.0,310200000.0,250200000.0,-1
Distributions received from equity method investees,us-gaap_EquityMethodInvestmentDividendsOrDistributions,NetCashFromOperatingActivities,294400000.0,333300000.0,222800000.0,231200000.0,336000000.0,227700000.0,216800000.0,226800000.0,186600000.0,223300000.0,1
Net gain resulting from divestiture of certain retail operations,us-gaap_GainLossOnSaleOfBusiness,GainLossOnDispositions,,,0.0,0.0,864500000.0,0.0,622800000.0,,,,1
Gain (Loss) on Disposition of Assets,us-gaap_GainLossOnDispositionOfAssets1,NonoperatingIncomeExpense,0.0,0.0,91300000.0,,,,,,,,-1
Stock-based compensation,us-gaap_ShareBasedCompensation,StockBasedCompensationExpense,318300000.0,308300000.0,302700000.0,271500000.0,319100000.0,248600000.0,308000000.0,250300000.0,176000000.0,218100000.0,1
Non-cash Lease Cost,sbux_NonCashLeaseExpense,,1513800000.0,1314900000.0,1365900000.0,1497700000.0,1248600000.0,1197600000.0,,,,,1
Loss on retirement and impairment of assets,sbux_LossOnRetirementAndImpairmentOfAssets,,834700000.0,121500000.0,101400000.0,91400000.0,226200000.0,454400000.0,,,,,1
Other,us-gaap_OtherNoncashIncomeExpense,OtherNonCashItemsCF,-17300000.0,-31900000.0,-26800000.0,67800000.0,-6000000.0,24500000.0,187900000.0,89000000.0,-68900000.0,-45100000.0,-1
Accounts receivable,us-gaap_IncreaseDecreaseInAccountsReceivable,,89700000.0,-18400000.0,4100000.0,326100000.0,43000000.0,2700000.0,197700000.0,-131000000.0,96800000.0,55600000.0,-1
Inventories,us-gaap_IncreaseDecreaseInInventories,,408400000.0,-42800000.0,-366400000.0,641000000.0,49800000.0,10900000.0,173000000.0,41200000.0,-14000000.0,67500000.0,-1
Income Taxes Payable,us-gaap_IncreaseDecreaseInAccruedIncomeTaxesPayable,,103800000.0,-61900000.0,52500000.0,-149600000.0,286100000.0,-1214600000.0,1237100000.0,,,,1
Accounts payable,us-gaap_IncreaseDecreaseInAccountsPayable,,261000000.0,28000000.0,100100000.0,345500000.0,189900000.0,-210800000.0,31900000.0,391600000.0,46400000.0,46900000.0,1
Deferred revenue,us-gaap_IncreaseDecreaseInDeferredRevenue,ChangeInDeferredRevenue,-120700000.0,-72200000.0,-110800000.0,-75800000.0,-6100000.0,31000000.0,-30500000.0,7109400000.0,130800000.0,180400000.0,1
Operating lease liability,us-gaap_IncreaseDecreaseInOperatingLeaseLiability,NetCashFromOperatingActivities,-1576700000.0,-1294900000.0,-1443800000.0,-1625600000.0,-1488100000.0,,,,,,1
Other operating assets and liabilities,us-gaap_IncreaseDecreaseInOtherOperatingCapitalNet,ChangeInOtherWorkingCapital,-336300000.0,-291000000.0,93700000.0,-339600000.0,-358700000.0,-280500000.0,141100000.0,677100000.0,4700000.0,-248800000.0,-1
"Cash Provided by (Used in) Operating Activity, Including Discontinued Operation",us-gaap_NetCashProvidedByUsedInOperatingActivities,NetCashFromOperatingActivities,4747500000.0,6095600000.0,6008700000.0,4397300000.0,5989100000.0,1597800000.0,5047000000.0,11937800000.0,4174300000.0,4575100000.0,1
Purchases of investments,us-gaap_PaymentsToAcquireInvestments,InvestmentPurchases,333600000.0,627500000.0,610500000.0,377900000.0,432000000.0,443900000.0,190400000.0,191900000.0,674400000.0,1585700000.0,-1
"Proceeds from Sales of Assets, Investing Activities",us-gaap_ProceedsFromSalesOfAssetsInvestingActivities,NetCashFromInvestingActivities,1100000.0,10300000.0,2500000.0,,,,,,,,1
Maturities and calls of investments,us-gaap_ProceedsFromSaleAndMaturityOfAvailableForSaleSecurities,,391800000.0,768200000.0,616900000.0,67300000.0,345500000.0,73700000.0,59800000.0,459000000.0,1054500000.0,,1
"Additions to property, plant and equipment",us-gaap_PaymentsToAcquirePropertyPlantAndEquipment,CapitalExpenses,2305500000.0,2777500000.0,2333600000.0,1841300000.0,1470000000.0,1483600000.0,1806600000.0,1976400000.0,1519400000.0,1440300000.0,-1
"Payments to Acquire Businesses, Net of Cash Acquired",us-gaap_PaymentsToAcquireBusinessesNetOfCashAcquired,AcquisitionsNet,177100000.0,,,,,0.0,0.0,1311300000.0,0.0,0.0,-1
Proceeds from Sale of Productive Assets,us-gaap_ProceedsFromSaleOfProductiveAssets,ProceedsFromSaleOfPPE,0.0,0.0,110000000.0,,,,,,,,1
Other,us-gaap_PaymentsForProceedsFromOtherInvestingActivities,NetCashFromInvestingActivities,62100000.0,72700000.0,56100000.0,126300000.0,81200000.0,44400000.0,56200000.0,-5600000.0,-54300000.0,-24900000.0,-1
Net cash used by investing activities,us-gaap_NetCashProvidedByUsedInInvestingActivities,NetCashFromInvestingActivities,-2485400000.0,-2699200000.0,-2270800000.0,-2146300000.0,-319500000.0,-1711500000.0,-1010800000.0,-2361500000.0,-850000000.0,-2222900000.0,1
Proceeds from (Repayments of) Commercial Paper,us-gaap_ProceedsFromRepaymentsOfCommercialPaper,,0.0,0.0,-175000000.0,175000000.0,-296500000.0,,,,,,1
Proceeds from issuance of short-term debt,us-gaap_ProceedsFromShortTermDebt,DebtProceeds,2400000.0,123800000.0,114600000.0,36600000.0,215100000.0,1406600000.0,,,,,1
Repayments of Short-term Debt,us-gaap_RepaymentsOfShortTermDebt,DebtRepayments,7800000.0,157500000.0,78800000.0,36600000.0,349800000.0,-967700000.0,,,,,-1
Proceeds from issuance of long-term debt,us-gaap_ProceedsFromIssuanceOfLongTermDebt,DebtProceeds,1748500000.0,1995300000.0,1497800000.0,1498100000.0,0.0,4727600000.0,1996000000.0,5584100000.0,750200000.0,1254500000.0,1
Repayments of long-term debt,us-gaap_RepaymentsOfLongTermDebt,DebtRepayments,1250000000.0,1825100000.0,1000000000.0,1000000000.0,1250000000.0,0.0,350000000.0,0.0,400000000.0,0.0,-1
Proceeds from issuance of common stock,us-gaap_ProceedsFromIssuanceOfCommonStock,EquityExpenseIncome(BuybackIssued),77000000.0,108000000.0,167400000.0,101600000.0,246200000.0,298800000.0,409800000.0,153900000.0,150800000.0,160700000.0,1
Cash dividends paid,us-gaap_PaymentsOfDividends,DistributionsToMinorityInterests,2771400000.0,2585000000.0,2431800000.0,2263300000.0,2119000000.0,1923500000.0,1761300000.0,1743400000.0,1450400000.0,1178000000.0,-1
Repurchase of common stock,us-gaap_PaymentsForRepurchaseOfCommonStock,EquityExpenseIncome(BuybackIssued),0.0,1266700000.0,984400000.0,4013000000.0,0.0,1698900000.0,10222300000.0,7133500000.0,2042500000.0,1995600000.0,-1
Minimum tax withholdings on share-based awards,us-gaap_PaymentsRelatedToTaxWithholdingForShareBasedCompensation,,87400000.0,100400000.0,89300000.0,127200000.0,97000000.0,91900000.0,111600000.0,62700000.0,82800000.0,106000000.0,-1
Other,us-gaap_ProceedsFromPaymentsForOtherFinancingActivities,NetCashFromFinancingActivities,-9300000.0,-10600000.0,-11100000.0,-9200000.0,0.0,-37700000.0,-17500000.0,-41200000.0,-4400000.0,-8400000.0,1
Net cash used by financing activities,us-gaap_NetCashProvidedByUsedInFinancingActivities,NetCashFromFinancingActivities,-2298000000.0,-3718200000.0,-2990600000.0,-5638000000.0,-3651000000.0,1713300000.0,-10056900000.0,-3242800000.0,-3001600000.0,-1750000000.0,1
"Effect of Exchange Rate on Cash, Cash Equivalent, Restricted Cash, and Restricted Cash Equivalent, Continuing Operation",us-gaap_EffectOfExchangeRateOnCashCashEquivalentsRestrictedCashAndRestrictedCashEquivalents,ForeignExchangeEffectOnCash,-30500000.0,56500000.0,-14200000.0,-250300000.0,,,,,,,1
"Cash, Cash Equivalents, Restricted Cash, and Restricted Cash Equivalents, Period Increase (Decrease), Including Exchange Rate Effect, Total",us-gaap_CashCashEquivalentsRestrictedCashAndRestrictedCashEquivalentsPeriodIncreaseDecreaseIncludingExchangeRateEffect,NetChangeInCash,-66400000.0,-265300000.0,733100000.0,-3637300000.0,,,,,,,1
Net increase/(decrease) in cash and cash equivalents,us-gaap_CashAndCashEquivalentsPeriodIncreaseDecrease,,,,,,2104800000.0,1664300000.0,-6069700000.0,6294000000.0,333500000.0,598700000.0,1
Sales of investments,us-gaap_ProceedsFromSaleOfAvailableForSaleSecurities,InvestmentProceeds,,,,,,,291100000.0,459000000.0,999700000.0,680700000.0,1
"Deconsolidation, Gain (Loss), Amount",us-gaap_DeconsolidationGainOrLossAmount,RestructuringExpenseBenefit,,,,,,,,499200000.0,93500000.0,,1
Gain resulting from acquisition/sale of equity in joint ventures and certain retail operations,sbux_Gainresultingfromacquisitionsaleofequityinjointventuresandcertainretailoperations,,,,,,,,,,,6100000.0,-1
Loss on extinguishment of debt,us-gaap_GainsLossesOnExtinguishmentOfDebt,InterestExpense,,,,,,,,,0.0,0.0,-1
Excess tax benefit on share-based awards,us-gaap_ExcessTaxBenefitFromShareBasedCompensationOperatingActivities,,,,,,,,,,77500000.0,122800000.0,-1
Excess tax benefit on share-based awards,us-gaap_ExcessTaxBenefitFromShareBasedCompensationFinancingActivities,,,,,,,,,,77500000.0,122800000.0,1
Maturities and calls of investments,us-gaap_ProceedsFromMaturitiesPrepaymentsAndCallsOfAvailableForSaleSecurities,InvestmentProceeds,,,,,,,,45300000.0,149600000.0,27900000.0,1
Cash used for purchase of non-controlling interest,us-gaap_PaymentsToMinorityShareholders,DistributionsToMinorityInterests,,,,,,,,,0.0,0.0,-1
Accrued litigation charge,us-gaap_PaymentsForLegalSettlements,,,,,,,,,,,0.0,-1
Operating lease liability,sbux_IncreaseDecreaseInOperatingLeaseLiability,,,,,,,-1231400000.0,,,,,1
Effect of exchange rate changes on cash and cash equivalents,us-gaap_EffectOfExchangeRateOnCashAndCashEquivalents,ForeignExchangeEffectOnCash,,,,,86200000.0,64700000.0,-49000000.0,-39500000.0,10800000.0,-3500000.0,1
Goodwill impairments,us-gaap_GoodwillImpairmentLoss,AssetImpairmentChargesIS,,,,,0.0,0.0,10500000.0,37600000.0,87200000.0,,1
"Prepaid Expenses, Other",us-gaap_IncreaseDecreaseInPrepaidExpensesOther,ChangeInOtherWorkingCapital,,,,,-251100000.0,317500000.0,-922000000.0,,,,1
Net proceeds from divestiture of certain operations,us-gaap_ProceedsFromDivestitureOfBusinessesAndInterestsInAffiliates,,,0.0,0.0,59300000.0,1175000000.0,0.0,684300000.0,608200000.0,85400000.0,69600000.0,1
Sales of investments,sbux_ProceedsfromSalesofInvestments,,,,,72600000.0,143200000.0,186700000.0,298300000.0,,,,1
"Interest, net of capitalized interest",us-gaap_InterestPaidNet,InterestExpense,588300000.0,570700000.0,524300000.0,474700000.0,501100000.0,396900000.0,299500000.0,137100000.0,96600000.0,74700000.0,1
"Income taxes, net of refunds",us-gaap_IncomeTaxesPaidNet,IncomeTaxes,715600000.0,1373300000.0,1294200000.0,1157600000.0,756300000.0,1699100000.0,470100000.0,1176900000.0,1389100000.0,878700000.0,1
Gain resulting from acquisition of joint venture,us-gaap_BusinessCombinationStepAcquisitionEquityInterestInAcquireeRemeasurementGain,NonoperatingIncomeExpense,,,,,,0.0,0.0,1376400000.0,,,1
