label,concept,standard_concept,2025-12-31,2024-12-31,2023-12-31,2022-12-31,2021-12-31,2020-12-31,2019-12-31,2018-12-31,2017-12-31,2016-12-31,preferred_sign
Net income for the year,us-gaap_NetIncomeLoss,NetIncome,1231000000.0,2019000000.0,132000000.0,-3460418000.0,2914659000.0,319509000.0,-124842000.0,-64553000.0,-39995000.0,-35355000.0,1
Amortization and depreciation,us-gaap_DepreciationDepletionAndAmortization,DepreciationExpense,31000000.0,36000000.0,70000000.0,90520000.0,66308000.0,70060000.0,35651000.0,27052000.0,23382000.0,13967000.0,1
Stock-based compensation,us-gaap_StockOptionPlanExpense,NetCashFromOperatingActivities,449000000.0,430000000.0,615000000.0,549142000.0,330763000.0,246940000.0,158456000.0,95720000.0,49163000.0,22896000.0,1
Impairment of right-of-use assets and leasehold improvements,us-gaap_OtherAssetImpairmentCharges,RestructuringExpenseBenefit,13000000.0,0.0,38000000.0,,,,,,,,1
Provision for transaction and loan losses,us-gaap_ProvisionForDoubtfulAccounts,ProvisionForDoubtfulAccountsCF,230000000.0,148000000.0,80000000.0,73604000.0,43781000.0,27282000.0,15912000.0,1355000.0,2606000.0,,1
Deferred income tax (recovery) expense,us-gaap_IncreaseDecreaseInDeferredIncomeTaxes,NetCashFromOperatingActivities,14000000.0,-78000000.0,1000000.0,186571000.0,-190963000.0,41998000.0,37918000.0,,,,-1
Revenue related to non-cash consideration,shop_RevenueRelatedToNonCashConsideration,,49000000.0,94000000.0,158000000.0,121503000.0,58380000.0,,,,,,-1
Impairment on sales of Shopify's logistics businesses,us-gaap_DisposalGroupNotDiscontinuedOperationLossGainOnWriteDown,RestructuringExpenseBenefit,0.0,0.0,1340000000.0,,,,,,,,1
Net loss (gain) on equity and other investments,us-gaap_UnrealizedGainLossOnInvestments,NonoperatingIncomeExpense,-153000000.0,992000000.0,1419000000.0,-2918684000.0,2859800000.0,135193000.0,,,,,-1
Net loss on equity method investment,us-gaap_IncomeLossFromEquityMethodInvestments,EquityMethodInvestmentIncome,-40000000.0,-138000000.0,-58000000.0,,,,,,,,-1
Realized loss on embedded derivative,us-gaap_EmbeddedDerivativeLossOnEmbeddedDerivative,NonoperatingIncomeExpense,123000000.0,,,,,,,,,,1
Unrealized foreign exchange (gain) loss,us-gaap_ForeignCurrencyTransactionGainLossUnrealized,NonoperatingIncomeExpense,57000000.0,-19000000.0,6000000.0,-11702000.0,-4570000.0,1689000.0,-3181000.0,-1272000.0,1604000.0,969000.0,-1
Trade and other receivables,us-gaap_IncreaseDecreaseInAccountsAndOtherReceivables,,219000000.0,148000000.0,98000000.0,104523000.0,72300000.0,29146000.0,56181000.0,32649000.0,13037000.0,2356000.0,-1
"Merchant cash advances and related receivables, net",us-gaap_IncreaseDecreaseInFinanceReceivables,,141000000.0,82000000.0,-214000000.0,23385000.0,266077000.0,112721000.0,74211000.0,50694000.0,37811000.0,11896000.0,-1
Other current and long-term assets,us-gaap_IncreaseDecreaseInOtherOperatingAssets,,38000000.0,72000000.0,,,,,,,,,-1
Accounts payable and accrued liabilities,us-gaap_IncreaseDecreaseInAccountsPayableAndAccruedLiabilities,ChangeInPayables,262000000.0,110000000.0,69000000.0,36541000.0,138175000.0,118588000.0,84563000.0,20641000.0,15428000.0,19813000.0,1
Deferred revenue,us-gaap_IncreaseDecreaseInContractWithCustomerLiability,ChangeInDeferredRevenue,19000000.0,26000000.0,60000000.0,305180000.0,309289000.0,66155000.0,12305000.0,9015000.0,,,1
Net cash provided by operating activities,us-gaap_NetCashProvidedByUsedInOperatingActivities,NetCashFromOperatingActivities,2033000000.0,1616000000.0,944000000.0,-136448000.0,504428000.0,424958000.0,70615000.0,9324000.0,7901000.0,14017000.0,1
Purchases of property and equipment,us-gaap_PaymentsToAcquirePropertyPlantAndEquipment,CapitalExpenses,26000000.0,19000000.0,39000000.0,50018000.0,50788000.0,41733000.0,56759000.0,27950000.0,20043000.0,23773000.0,-1
Purchases of marketable securities,us-gaap_PaymentsToAcquireMarketableSecurities,InvestmentPurchases,7040000000.0,8396000000.0,5841000000.0,5011129000.0,7337366000.0,5600207000.0,2718604000.0,2447955000.0,1129263000.0,369208000.0,-1
Maturities of marketable securities,us-gaap_ProceedsFromSaleAndMaturityOfMarketableSecurities,InvestmentProceeds,6552000000.0,7457000000.0,5590000000.0,6890167000.0,5750224000.0,3721405000.0,2477038000.0,1698264000.0,642073000.0,139872000.0,1
Purchases and originations of loans,us-gaap_PaymentsToAcquireLoansHeldForInvestment,InvestmentPurchases,4014000000.0,3006000000.0,1861000000.0,525538000.0,,,,,,,-1
Repayments and sales of loans,us-gaap_ProceedsFromPrincipalRepaymentsOnLoansAndLeasesHeldForInvestment,,3435000000.0,2542000000.0,1338000000.0,366855000.0,,,,,,,1
Purchases of equity and other investments,shop_PaymentsToAcquireEquityAndOtherInvestments,,99000000.0,137000000.0,364000000.0,635156000.0,650233000.0,,,,,,-1
"Acquisition of businesses, net of cash acquired",us-gaap_PaymentsToAcquireBusinessesNetOfCashAcquired,AcquisitionsNet,56000000.0,30000000.0,31000000.0,1753748000.0,59627000.0,0.0,265512000.0,19397000.0,15718000.0,14114000.0,-1
Other,us-gaap_PaymentsForProceedsFromOtherInvestingActivities,NetCashFromInvestingActivities,-58000000.0,-3000000.0,36000000.0,,,,,,,,-1
Net cash used in investing activities,us-gaap_NetCashProvidedByUsedInInvestingActivities,NetCashFromInvestingActivities,-1190000000.0,-1586000000.0,-1244000000.0,-718567000.0,-2347790000.0,-1931848000.0,-569475000.0,-810633000.0,-527170000.0,-269686000.0,1
Proceeds from the exercise of stock options,us-gaap_ProceedsFromStockOptionsExercised,StockIssuanceProceeds,232000000.0,61000000.0,60000000.0,17549000.0,108594000.0,70809000.0,48337000.0,30494000.0,14774000.0,4162000.0,1
Maturities of convertible senior notes,us-gaap_ProceedsFromConvertibleDebt,DebtProceeds,-1043000000.0,,,,0.0,907950000.0,,,,,1
Net cash (used in) provided by financing activities,us-gaap_NetCashProvidedByUsedInFinancingActivities,NetCashFromFinancingActivities,-811000000.0,61000000.0,60000000.0,17549000.0,1649762000.0,3557350000.0,736351000.0,1072182000.0,574831000.0,228585000.0,1
"Effect of foreign exchange on cash, cash equivalents and restricted cash",us-gaap_EffectOfExchangeRateOnCashCashEquivalentsRestrictedCashAndRestrictedCashEquivalents,ForeignExchangeEffectOnCash,15000000.0,-6000000.0,4000000.0,-16198000.0,-7005000.0,3221000.0,1742000.0,,,,1
"Net increase (decrease) in cash, cash equivalents and restricted cash",us-gaap_CashCashEquivalentsRestrictedCashAndRestrictedCashEquivalentsPeriodIncreaseDecreaseIncludingExchangeRateEffect,NetChangeInCash,47000000.0,85000000.0,-236000000.0,-853664000.0,-200605000.0,2053681000.0,239233000.0,,,,1
Cash paid for amounts included in the measurement of lease liabilities included in cash flows from operating activities,us-gaap_OperatingLeasePayments,OperatingLeasePayments,,,,39590000.0,26166000.0,21753000.0,15611000.0,,,,1
Acquired property and equipment remaining unpaid,us-gaap_CapitalExpendituresIncurredButNotYetPaid,CapitalExpenses,,,,10594000.0,8052000.0,1881000.0,7878000.0,1931000.0,1764000.0,587000.0,1
Acquisitions of intangible assets,us-gaap_PaymentsToAcquireIntangibleAssets,PurchaseOfIntangibleAssets,,,,,0.0,262000.0,5638000.0,13595000.0,4219000.0,2463000.0,-1
Non-cash consideration received in exchange for services,us-gaap_IncreaseDecreaseInTradingSecurities,,,,,,,24710000.0,,,,,-1
Purchase of equity and other investments,us-gaap_PaymentsToAcquireEquityMethodInvestments,InvestmentPurchases,,,,,,11051000.0,,,,,-1
Acquired intangible assets remaining unpaid,shop_IntangibleAssetsAcquiredbutNotyetPaid,,,,,,,,0.0,322000.0,,,1
Capitalized stock-based compensation,us-gaap_EmployeeServiceShareBasedCompensationAllocationOfRecognizedPeriodCostsCapitalizedAmount,StockBasedCompensationCF,,,,,,,854000.0,1970000.0,1372000.0,649000.0,1
Vesting of restricted shares,us-gaap_RestrictedStockExpense,,,,,,,,,,0.0,202000.0,1
Deferred revenue,us-gaap_IncreaseDecreaseInDeferredRevenue,ChangeInDeferredRevenue,,,,,,,,,10960000.0,7699000.0,1
"Proceeds from initial public offering, net of issuance costs",us-gaap_ProceedsFromIssuanceInitialPublicOffering,NetCashFromFinancingActivities,,,,,,,,,,0.0,1
Effect of foreign exchange on cash and cash equivalents,us-gaap_EffectOfExchangeRateOnCashAndCashEquivalents,ForeignExchangeEffectOnCash,,,,,,,,-1867000.0,2102000.0,1027000.0,1
Net increase in cash and cash equivalents,us-gaap_CashAndCashEquivalentsPeriodIncreaseDecrease,,,,,,,,,269006000.0,57664000.0,-26057000.0,1
Lease liabilities arising from obtaining right-of-use assets,us-gaap_RightOfUseAssetObtainedInExchangeForOperatingLeaseLiability,NetCashFromOperatingActivities,,,,264912000.0,118091000.0,29820000.0,153053000.0,,,,1
"Cash paid for income taxes, net",us-gaap_IncomeTaxesPaidNet,IncomeTaxes,194000000.0,116000000.0,50000000.0,27287000.0,-10466000.0,,,,,,1
Cash paid for interest,us-gaap_InterestPaidNet,InterestExpense,1000000.0,1000000.0,1000000.0,1150000.0,1287000.0,,,,,,1
Amortization of debt offering costs,us-gaap_AmortizationOfFinancingCostsAndDiscounts,InterestExpense,,,,2349000.0,2343000.0,8756000.0,,,,,1
Impairment of right-of-use assets and leasehold improvements,us-gaap_AssetImpairmentCharges,AssetImpairmentChargesIS,,,,84314000.0,30145000.0,31623000.0,,,,,1
Income taxes receivable and payable,us-gaap_IncreaseDecreaseInAccruedIncomeTaxesPayable,,,,,-3941000.0,45263000.0,-105890000.0,64648000.0,,,,1
Lease assets and liabilities,shop_IncreaseDecreaseinDeferredRentCredit,,,,,-4175000.0,2935000.0,-1204000.0,1452000.0,8414000.0,2515000.0,2620000.0,1
Other current assets,us-gaap_IncreaseDecreaseInOtherCurrentAssets,ChangeInOtherWorkingCapital,,,50000000.0,30767000.0,50151000.0,11404000.0,12401000.0,10816000.0,3706000.0,2604000.0,-1
"Proceeds from public equity offerings, net of issuance costs",us-gaap_ProceedsFromIssuanceOfPreferredStockAndPreferenceStock,StockIssuanceProceeds,,,,0.0,1541168000.0,2578591000.0,688014000.0,1041688000.0,560057000.0,224423000.0,1
Non-cash consideration received in exchange for services,shop_ContractWithCustomerLiabilityIncreaseDecreaseForContractReceivedInExchangeForServices,,,,,273201000.0,268058000.0,,,,,,-1
